plotID,avg,std,ske,kur,p05,p10,p15,p20,p25,p30,p35,p40,p45,p50,p55,p60,p65,p70,p75,p80,p85,p90,p95,p99,d0,d1,d2,d3,d4,cov,dns
1,1.84,0.39,0.76,3.12,1.34,1.39,1.43,1.47,1.51,1.56,1.62,1.67,1.72,1.77,1.83,1.89,1.94,2.01,2.09,2.17,2.27,2.39,2.56,2.89,10.3,0,0,0,0,10.3,10.3
10,6.99,0.75,0.49,4.91,5.82,6.06,6.22,6.37,6.49,6.6,6.71,6.8,6.89,6.97,7.06,7.14,7.23,7.34,7.44,7.57,7.72,7.94,8.23,8.83,0.1,97,0.3,0,0,99.2,97.3
100,15.03,9.84,0.12,1.48,2.53,3.16,3.66,4.1,4.73,5.23,6.58,10.76,12.84,14.66,16.2,18.21,21.14,23.26,25.37,26.4,27.52,28.45,29.24,30.63,24.6,10.6,12.2,11.9,9.6,96.2,94.7
105,16.6,9.06,-0.32,1.53,1.92,2.53,4.44,7.46,8.92,9.97,11.15,12.7,14.53,17.04,22.9,24.06,24.58,25.04,25.39,25.71,25.95,26.23,26.57,27.14,8.1,11.6,13.1,4.1,14.5,82.1,76.1
108,16.05,12.8,0,1.1,1.61,1.84,2.07,2.3,2.57,2.87,3.27,4.14,8.15,14.38,26.89,27.85,28.4,28.84,29.21,29.58,29.93,30.26,30.6,31.04,26.5,5.6,2.8,1.6,0.8,87,81.6
109,14.61,11.79,0.22,1.24,1.62,1.99,2.35,2.71,3.07,3.43,4.02,5.16,7.33,10.12,13.91,21.06,26.45,27.33,28.03,28.66,29.12,29.61,30.1,30.74,25.3,8.5,6.3,2.3,1.5,80.6,77
112,19.15,3.64,-2.93,12.42,9.32,16.78,17.61,18.11,18.51,18.85,19.17,19.51,19.8,20.05,20.27,20.48,20.69,20.9,21.12,21.33,21.56,21.84,22.2,22.84,1.1,2.5,0.5,35,41.4,91.7,80.4
114,18.75,3.82,-1.91,7.92,10.03,15.05,16.19,16.85,17.42,17.95,18.36,18.72,19.12,19.44,19.79,20.15,20.51,20.89,21.26,21.58,21.93,22.42,23.05,23.91,0.7,3.1,4.4,43.2,38,95.2,89.5
115,18.51,4.6,-2.86,10.45,2.61,16.23,17.57,18.24,18.64,18.95,19.19,19.42,19.62,19.79,19.95,20.12,20.26,20.41,20.58,20.78,21.02,21.32,21.76,22.86,2.8,0.4,1.6,45.9,41.7,96.3,92.3
118,18.69,4.89,-1.08,3.82,9.33,11.2,13.07,14.53,16.34,17.21,18.04,18.63,19.32,19.95,20.44,21.02,21.57,22.05,22.5,22.87,23.23,23.77,24.43,25.13,0.7,4.1,12.3,24.2,40.1,90.9,82.6
119,20.91,6.41,-1.03,2.81,8.3,10.47,12.29,13.9,15.76,19.09,21.62,22.78,23.44,23.91,24.28,24.6,24.93,25.24,25.53,25.88,26.28,26.74,27.31,28.02,1,6.5,12,7,29.3,92.5,84.8
120,18.58,5.51,-1.63,5.04,4.09,10.41,12.62,15.88,17.95,18.7,19.18,19.62,19.99,20.34,20.64,20.95,21.27,21.65,22.09,22.47,22.88,23.33,24,24.84,2.5,3.6,8.9,24,49.5,94.2,89.2
122,18.99,6.18,-1.26,3.81,3.66,9.42,11.89,14.45,15.91,18.14,19.25,19.97,20.51,21.02,21.48,21.9,22.36,22.95,23.43,23.91,24.33,24.83,25.45,26.44,3.7,5.2,10.1,17.5,48.3,95.5,93.1
128,19.04,7.08,-1.06,2.95,3.14,6.85,10.54,12.67,14.06,16.99,19.18,20.74,21.42,21.95,22.44,22.87,23.39,23.93,24.35,24.77,25.21,25.63,26.19,27.05,6.1,5.8,11.7,9.4,41.9,94.7,91.1
13,5.44,2.51,1.01,3.96,2.2,2.67,3.08,3.39,3.65,3.89,4.13,4.39,4.71,5.02,5.3,5.56,5.86,6.2,6.61,7.17,7.97,9.28,10.46,12.82,38.3,35.7,5.7,0.2,0,81.4,79.8
131,16.99,10.02,-0.49,1.53,1.8,2.16,2.51,3.02,4.53,8.84,12.92,16.22,20.3,22.39,23.33,24.06,24.6,25.21,25.77,26.19,26.61,27.02,27.55,28.32,15.6,5.1,5.7,5.1,20.3,84.4,79.1
132,18.51,11.46,-0.57,1.5,1.49,1.67,1.89,2.16,3.07,7.5,13.18,22.47,24.39,25.48,26.12,26.61,27.05,27.45,27.87,28.26,28.67,29.12,29.79,30.79,8.8,4,3.3,1.8,7.4,77.8,69.2
133,19.84,10.55,-0.44,1.5,2.45,3.97,6.07,7.97,9.45,10.81,12.57,15.15,24.67,26.59,27.33,27.9,28.36,28.77,29.14,29.52,29.88,30.23,30.67,31.28,7.6,11.6,10.7,2.9,1.8,84.1,78.9
135,18.04,10.95,-0.52,1.38,1.97,2.42,2.9,3.47,4.39,5.84,9.12,23.27,24.61,25.3,25.79,26.16,26.5,26.79,27.05,27.29,27.53,27.81,28.29,28.93,20.8,8.4,2,0.7,8.8,93.3,90.4
136,18.04,12.81,-0.15,1.12,1.94,2.57,3.01,3.43,3.88,4.46,5.7,8.01,11.06,26.81,28.54,29.16,29.67,30.09,30.37,30.66,30.93,31.29,31.72,32.31,24,9.8,2.5,0.7,1.1,86.7,83.4
137,19.56,13.07,-0.2,1.24,1.69,2.24,2.85,3.63,5.12,7.58,9.6,11.78,14.54,26.82,29.56,30.36,31.02,31.57,32.12,32.58,33.09,33.57,34.01,34.55,14.2,9.5,8.2,1.9,1.2,83,78.1
138,19.4,12.09,-0.32,1.36,1.72,2.16,2.61,3.64,6.67,9.41,11.93,13.91,17.16,27.38,28.92,29.66,30.11,30.48,30.74,30.99,31.24,31.48,31.77,32.23,10.3,6.4,8.4,4.2,0.6,74.3,68.1
141,23.27,4.81,-2.52,9.59,11.13,18.78,21.19,22.17,22.82,23.3,23.72,24.1,24.43,24.7,24.94,25.2,25.44,25.69,25.94,26.21,26.47,26.79,27.24,27.89,0.3,1.9,3.6,2.8,36.3,89.6,81
146,22.59,7.16,-1.67,4.67,3.75,10.78,13.94,17.71,22.29,23.29,23.99,24.75,25.33,25.72,26.03,26.29,26.56,26.82,27.09,27.33,27.62,27.92,28.25,28.77,2.9,3,6.6,4.2,19,93.2,88.2
147,21.72,4.18,-2.02,7.34,12.29,15.99,18.45,20.03,20.9,21.58,22.08,22.46,22.78,23.02,23.28,23.51,23.77,24.02,24.27,24.55,24.86,25.18,25.62,26.19,0.5,1.8,4.6,8.8,53.2,88.9,79.1
149,23.3,6.02,-1.68,4.78,10.31,12.94,14.76,20.21,23.56,24.27,24.71,25.09,25.45,25.75,26.05,26.31,26.54,26.77,27.01,27.25,27.52,27.79,28.13,28.61,0.6,2.3,7.9,3.2,13.6,83.6,72.7
152,20.69,9.64,-0.95,2.26,1.98,3.11,5.51,9.53,12.65,16.2,23.16,25.1,25.72,26.15,26.52,26.79,27.07,27.37,27.67,28.02,28.35,28.67,29.1,29.82,8.2,5.7,6.7,4.6,5.3,90.8,84.7
153,22.43,7.83,-0.96,2.58,7.55,10.58,12.33,13.81,15.2,17.22,22.76,25.27,26.18,26.68,27.06,27.47,27.79,28.11,28.36,28.6,28.84,29.12,29.5,30.71,1.6,5.3,13.5,7.2,5.5,92.4,87
154,21.1,7.91,-1.04,2.52,5.11,8.37,10.32,11.85,13.69,16.79,24.21,25.11,25.59,25.88,26.09,26.25,26.4,26.55,26.71,26.86,26.98,27.14,27.31,27.59,3.7,8.1,12.1,4.2,6.1,93.2,89
155,20.98,8.93,-1.27,2.97,2.06,2.96,6,12.42,16.51,23.13,24.11,24.62,25.03,25.39,25.71,26,26.29,26.56,26.82,27.07,27.37,27.7,28.11,28.67,7.6,2.7,4.5,3,13.9,83.8,75.9
156,21.11,7.78,-1.59,4.16,2.41,4.03,11.51,19.52,20.75,21.69,22.34,22.85,23.41,23.99,24.42,24.84,25.26,25.68,26.06,26.4,26.73,27.16,27.75,28.53,6.8,2.1,1.3,5,34.2,90.4,81.9
157,20.77,9.78,-0.74,1.83,3.32,5.03,6.8,8.52,10.26,13.06,17.83,24.65,26.18,26.79,27.24,27.57,27.87,28.14,28.41,28.69,28.98,29.29,29.64,30.19,7.8,13.2,7.3,3,4.8,93.7,90.7
158,23.01,9.91,-0.93,2.12,4.53,6.71,8.63,10.22,12.3,15.57,27.23,28.06,28.51,28.84,29.12,29.38,29.62,29.85,30.06,30.27,30.51,30.77,31.12,31.61,3.7,12.6,9.4,1.7,0.8,95.5,91.4
159,20.57,10.51,-0.81,1.84,2.48,3.07,3.85,5.91,9.67,12.81,24.69,26.26,26.83,27.23,27.52,27.77,27.99,28.2,28.37,28.54,28.75,29,29.27,29.7,15.8,7.1,7,1.7,1.2,97.7,96.4
161,20.64,10.87,-0.27,1.43,3.45,5.41,7.2,9.32,10.49,11.7,13.3,14.9,17.14,24.36,28.88,29.73,30.24,30.64,30.97,31.35,31.75,32.18,32.65,33.18,7.5,13.4,16.5,7.4,2.1,96.3,94.8
164,25.46,4.01,-3.22,15.89,18.92,21.44,23.57,24.55,25.05,25.46,25.75,26.01,26.28,26.55,26.78,27.01,27.22,27.42,27.62,27.84,28.07,28.33,28.64,29.08,0.5,0.8,1.3,3.8,15.6,96.5,91.6
166,23.78,7.49,-1.76,4.74,4.57,9.55,13.97,23.24,24.53,25.18,25.71,26.13,26.47,26.76,27.05,27.32,27.61,27.9,28.18,28.46,28.74,29.01,29.35,29.83,4.4,4.6,5,2.1,9.3,95.8,91.3
168,23.39,7.57,-1.38,3.78,7.36,10.93,13.05,15.89,21.97,23.68,24.91,25.65,26.19,26.63,27,27.35,27.69,28.02,28.35,28.7,29.12,29.63,30.35,31.37,2.9,3.9,9.7,5.3,11.1,97.4,94.8
17,5.86,2.63,0.26,2.64,1.68,2.18,2.82,3.43,3.86,4.31,4.72,5.05,5.42,5.77,6.17,6.56,6.98,7.34,7.74,8.17,8.65,9.3,10.18,12.27,18.2,32.7,3.5,0,0,58.6,54.5
173,24.95,8.21,-1.16,2.82,9.02,10.64,12.05,14.24,20.99,25.49,27.36,28.15,28.6,28.95,29.26,29.61,29.95,30.29,30.59,30.89,31.23,31.57,32.04,32.72,0.4,5.8,11.5,2.6,4.3,91.8,85.7
176,24.18,11.61,-0.91,2.13,2.22,3.42,6.09,10.21,13.6,17.22,28.45,29.69,30.54,31.07,31.42,31.77,32.09,32.34,32.6,32.9,33.21,33.6,34,34.63,7.8,5.7,6.5,4.6,0.8,88.5,83.4
177,4.56,1.46,-0.14,2.48,1.94,2.48,2.93,3.29,3.57,3.82,4.05,4.24,4.44,4.63,4.82,5.01,5.2,5.4,5.63,5.88,6.14,6.45,6.86,7.57,38.5,28.6,0,0,0,70.3,67.1
178,3.55,1.67,0.87,3.27,1.47,1.64,1.83,2.04,2.23,2.43,2.62,2.81,3.01,3.21,3.44,3.68,3.92,4.2,4.5,4.89,5.39,6.1,6.92,7.96,38.8,11.7,0.1,0,0,51,50.5
180,3.57,2.23,1.18,3.82,1.36,1.43,1.52,1.6,1.71,1.84,1.98,2.21,2.58,2.94,3.29,3.62,3.95,4.32,4.79,5.3,5.81,6.79,8.28,10.4,12.4,6.3,0.5,0,0,19.5,19.3
182,3.95,4.1,1.71,4.34,1.35,1.39,1.44,1.49,1.55,1.63,1.7,1.79,1.92,2.08,2.25,2.44,2.64,2.89,3.19,4.48,9.83,12.36,13.75,15.41,7.9,1.2,3.2,0.4,0,13,12.7
185,4.23,3.94,1.39,3.44,1.36,1.43,1.49,1.56,1.65,1.74,1.84,1.94,2.05,2.18,2.33,2.56,2.99,3.56,5.23,8.22,9.8,11.64,13.01,14.43,7.1,2.4,3.2,0.1,0,13,12.7
186,5.45,2.73,0,1.77,1.47,1.67,1.92,2.23,2.76,3.34,4.06,4.65,5.14,5.68,6.14,6.53,6.99,7.39,7.78,8.13,8.54,8.97,9.53,10.72,10.3,20.4,1.1,0,0,32.5,31.8
187,4.88,1.85,0.14,2.36,1.84,2.38,2.85,3.21,3.51,3.78,4.05,4.34,4.56,4.82,5.08,5.33,5.6,5.91,6.21,6.5,6.93,7.41,8.05,8.98,25.6,25,0,0,0,53,50.6
188,6.66,2.12,0.02,3.29,3,3.91,4.5,4.91,5.31,5.64,5.94,6.22,6.47,6.72,6.98,7.22,7.48,7.77,8.1,8.41,8.76,9.12,9.83,12.26,13.5,53,3.1,0,0,74.5,69.6
191,8.35,3.97,0.14,2.03,2.21,3,3.78,4.47,5.12,5.79,6.32,6.87,7.43,8.05,8.71,9.44,10.22,10.97,11.71,12.32,12.93,13.72,14.83,16.66,16.7,32.5,26.6,3.7,0,83.3,79.5
192,5.66,2.76,1.36,5.41,2.04,2.64,3.12,3.51,3.89,4.21,4.5,4.79,5.04,5.28,5.5,5.75,6,6.3,6.68,7.11,7.75,8.95,11.48,15.06,29.8,36.5,4.9,0.8,0,74.2,72
193,6.84,6.05,0.59,1.71,1.35,1.42,1.48,1.55,1.63,1.71,1.81,1.95,2.14,2.54,4.69,7.94,9.7,11.71,13.18,13.93,14.61,15.99,17.49,18.77,5.6,4.2,8.3,5.4,0,25,23.5
195,4.71,2.79,2.51,10.35,1.76,2.22,2.62,2.92,3.17,3.41,3.64,3.86,4.07,4.27,4.45,4.65,4.87,5.09,5.33,5.6,5.98,6.5,11.8,16.31,47.7,20.8,2.6,2,0,73.8,73
196,8.62,1.49,-0.38,3.95,6.18,6.8,7.15,7.41,7.66,7.9,8.09,8.29,8.46,8.64,8.84,9.03,9.22,9.42,9.63,9.85,10.14,10.44,10.99,11.78,0.9,74,15.8,0,0,96.4,90.7
197,9.7,2.37,-1,4.36,4.86,6.73,7.56,8.07,8.52,8.91,9.26,9.6,9.87,10.11,10.34,10.59,10.82,11.05,11.29,11.53,11.83,12.2,12.83,13.89,3.1,29.4,36.2,0.2,0,80.4,68.8
198,9.11,3.51,0.41,3.19,3.55,4.74,5.61,6.31,6.86,7.33,7.73,8.12,8.5,8.93,9.27,9.62,10.04,10.5,11.07,11.69,12.6,13.9,15.77,18.33,8.1,42.5,22.8,5.4,0.1,86.9,78.9
199,9.01,2.65,-0.6,3.09,3.64,5.4,6.38,6.89,7.42,7.89,8.33,8.67,8.98,9.31,9.61,9.93,10.27,10.64,11,11.3,11.66,12.11,12.78,13.79,5.9,42.6,31.6,0.1,0,87.2,80.2
20,6.89,7,0.88,2.05,1.37,1.45,1.52,1.61,1.71,1.81,1.92,2.06,2.23,2.44,2.73,3,5.42,11.38,14.29,15.84,17.27,18.24,19.46,21.95,5.9,0.9,1.9,4.2,0.8,14.1,13.6
200,9.81,2.47,-0.92,4.68,4.73,6.91,7.77,8.29,8.7,9.02,9.33,9.59,9.84,10.09,10.34,10.58,10.88,11.15,11.44,11.73,12.06,12.39,13.06,15,3.1,32.2,38.3,0.8,0,84.1,74.5
201,9.34,2.88,-1.01,3.65,2.75,4.7,6.48,7.51,8.19,8.69,9.07,9.41,9.71,9.99,10.25,10.48,10.72,10.99,11.26,11.54,11.85,12.26,13,14.2,5.4,26.8,34,0.2,0,77.3,66.3
202,8.6,4.01,0.1,2.15,2.2,3.1,3.96,4.64,5.33,6.03,6.72,7.33,7.93,8.49,9.13,9.92,10.5,11.17,11.74,12.32,13.02,13.86,15.18,17.29,13.6,27.7,24.7,4.1,0,75.9,70
205,9.82,1.91,-1.87,8.1,6.14,7.87,8.55,8.92,9.19,9.4,9.6,9.78,9.94,10.11,10.26,10.43,10.61,10.82,11.02,11.22,11.45,11.74,12.08,12.66,1.4,28.9,35.6,0,0,79,65.9
206,7.67,2.49,-0.28,2.69,2.89,4.28,4.99,5.56,6.11,6.52,6.84,7.17,7.53,7.88,8.18,8.54,8.82,9.14,9.51,9.84,10.21,10.64,11.49,12.83,12.9,62.2,16.5,0,0,94,91.6
208,9.51,5.12,0.23,2.16,1.86,2.68,3.45,4.33,5.11,5.82,6.61,7.75,8.78,9.54,10.32,11.04,11.78,12.44,13.25,14.21,15.28,16.35,18.33,21.15,14.4,22.2,23.9,11,1.7,77.3,73.1
209,5.87,2.94,0.46,2.43,1.71,2.12,2.58,3.07,3.53,3.89,4.27,4.72,5.16,5.5,5.89,6.3,6.88,7.46,7.98,8.51,9.3,10.09,11.21,12.99,19,25.6,5.8,0,0,52.2,50.4
21,6.57,8.36,1.19,2.47,1.34,1.39,1.44,1.5,1.56,1.61,1.68,1.76,1.82,1.92,2.01,2.1,2.23,2.42,3.17,19.85,20.66,21.31,22.17,23.89,3.8,0,0,1.1,3.5,8.6,8.4
210,9.07,3.14,0.09,2.55,4,5.05,5.82,6.34,6.93,7.39,7.82,8.18,8.54,8.89,9.25,9.63,10.1,10.62,11.14,12,12.75,13.48,14.49,15.8,8.6,51.3,31.7,2.7,0,95.9,94.3
211,9.5,3.6,-0.54,2.68,2.2,3.7,5.18,6.44,7.44,8.18,8.76,9.21,9.69,10.11,10.51,10.93,11.32,11.71,12.12,12.59,13.06,13.62,14.32,16.04,9,29.9,42.8,2.1,0,88.9,83.8
212,11.98,4.29,-0.8,2.96,2.71,5.04,7.17,8.75,9.87,10.6,11.24,11.79,12.39,12.87,13.29,13.74,14.21,14.64,15.13,15.62,16.17,16.79,17.57,18.7,4.3,10.2,30.8,16.8,0,70.4,62.1
213,8.93,3.94,-0.22,2.12,2.05,2.92,3.87,4.98,6.17,6.96,7.55,8.09,8.59,9.11,9.92,10.5,11.01,11.5,12.11,12.63,13.28,13.78,14.66,16.46,7,16.1,18.5,1.7,0,46.9,43.3
214,9.45,8.35,0.16,1.09,1.33,1.35,1.39,1.43,1.46,1.53,1.61,1.73,1.83,2.18,15.54,16.58,17.29,17.79,18.27,18.52,18.91,19.36,20.21,20.82,0.1,0,0,1,0.2,1.4,1.4
215,13.09,2.21,-1.84,9.19,9.76,11.25,11.82,12.13,12.35,12.56,12.74,12.93,13.12,13.28,13.45,13.64,13.82,14.04,14.29,14.57,14.86,15.3,15.94,17.28,1.3,3.3,71.1,11.6,0,95.4,87.4
216,12.16,3.17,-0.89,3.28,5.99,7.36,8.44,9.34,10.31,11.18,11.77,12.23,12.59,12.92,13.25,13.56,13.86,14.19,14.46,14.78,15.14,15.54,16.07,17.14,2.1,14.5,43.5,12.3,0,84,72.3
218,10.65,4.17,-0.08,2.3,3.41,5.06,6.11,6.91,7.56,8.21,8.9,9.5,10.14,10.7,11.33,11.94,12.54,13.08,13.65,14.55,15.43,16.32,17.33,18.76,6.7,27.8,31.6,13.9,0.1,85.7,80
219,11.52,3.13,-1.08,4.29,5.43,7.25,8.45,9.42,10.16,10.67,11.05,11.39,11.73,12.04,12.38,12.71,13.07,13.41,13.69,14.04,14.39,14.83,15.52,16.66,1.8,14.4,50.6,6.5,0,81.9,73.4
220,12.07,4.14,-1.13,3.51,2.55,4.35,7.67,9.7,10.7,11.32,11.91,12.32,12.77,13.19,13.53,13.88,14.21,14.58,14.95,15.32,15.7,16.15,16.79,18.03,4.9,6.4,34.7,15.6,0,74.1,61.6
221,11.12,3.52,0.68,4.69,6.01,7.01,7.75,8.34,8.96,9.49,10.01,10.38,10.73,11.05,11.37,11.67,12,12.3,12.7,13.21,13.86,14.84,17.57,22.4,2.1,30.8,53.3,6.2,2.9,97.5,95.4
224,13.26,4.3,-1.36,3.86,2.96,5.38,7.98,11.19,12.36,13.07,13.63,14.05,14.38,14.7,15,15.29,15.55,15.83,16.1,16.36,16.66,17.06,17.63,18.53,5,6.7,26.6,32.7,0,82.1,71
226,10.39,2.84,-1.32,4.45,3.67,6.22,7.76,8.72,9.39,9.85,10.23,10.55,10.84,11.09,11.31,11.57,11.81,12.06,12.32,12.58,12.84,13.17,13.62,14.48,4,17.6,48.6,0.2,0,81.7,70.4
227,12.86,2.82,-1.73,6.91,6.98,9.82,10.92,11.5,11.95,12.3,12.58,12.88,13.16,13.4,13.64,13.9,14.17,14.43,14.66,14.89,15.15,15.57,16.13,17.04,1.4,5.1,48.4,12,0,80.6,66.9
228,13.17,7.43,-0.13,1.7,1.7,2.41,3.42,4.7,6.27,7.74,9.01,10.5,12.73,14.45,15.89,16.96,17.87,18.67,19.39,20.3,21.31,22.53,23.91,25.66,10,13.1,9.9,19.6,14.6,74.6,68.8
229,11.83,4.43,-0.71,2.68,2.78,4.56,6.12,7.89,9.33,10.37,11.12,11.79,12.48,13.07,13.46,13.81,14.2,14.6,15.01,15.5,16.02,16.56,17.41,19.65,5.5,10.5,29.2,15.3,0.4,67.5,61
230,11.22,6.28,-0.18,1.69,1.76,2.18,2.61,3.38,4.89,6.61,8.2,9.72,11.04,12.48,13.58,14.42,15.26,15.98,16.68,17.27,18,18.73,19.93,22.13,16.1,14.3,20.6,29.3,4.4,87.1,84.7
231,12.64,3.61,-1.01,3.65,5.13,7.43,8.72,9.85,10.69,11.51,12.11,12.61,13.04,13.5,13.95,14.31,14.64,14.97,15.3,15.64,16.01,16.37,16.96,17.97,2,9.6,29,17.5,0,67.9,58.1
232,9.5,4.57,0.31,2.12,2.93,3.77,4.47,5.18,5.74,6.32,6.91,7.53,8.23,9.04,9.65,10.35,11.2,12.1,13.21,14.22,15.23,16.02,17.18,19.2,15.3,34.6,23.2,13.9,0.5,91.5,87.5
233,11.44,6.19,0.31,2.08,2.52,3.56,4.44,5.25,6.1,7.24,8.18,9.12,10.03,10.94,11.6,12.49,13.66,14.76,15.94,17.44,19.5,20.81,22.5,24.07,12.6,21.5,21.4,12.4,10.8,82.3,78.6
236,12.56,7.43,-0.15,1.49,1.83,2.39,2.97,3.64,4.64,6.06,7.8,9.96,12.17,13.72,15.23,16.79,18.01,18.88,19.62,20.27,20.83,21.51,22.38,23.63,15,10,10.7,17.3,16.8,74.6,69.8
237,11.37,6.67,0.06,1.66,1.88,2.56,3.19,3.87,4.86,6.01,7.33,8.71,10.1,11.29,12.71,14.1,15.13,16.2,17.33,18.51,19.35,20.33,21.71,23.15,13.8,13.4,14,16.8,8.3,71.4,66.2
238,11.67,4.62,-0.61,2.36,2.69,4.12,5.3,7.04,8.74,10.05,10.9,11.53,12.1,12.66,13.23,13.76,14.24,14.69,15.18,15.78,16.35,17,17.71,18.84,7.7,10.4,28.5,17.4,0,71.1,63.9
239,11.7,7.97,0.31,1.64,1.91,2.46,3,3.54,4.13,4.73,5.55,6.49,8.56,10.24,12.17,13.69,16.44,17.9,19.34,20.51,21.67,22.95,24.39,26.94,23.6,15.9,11.7,14,17.3,88.6,85.7
24,9.37,1.26,-0.15,3.94,7.31,7.84,8.15,8.41,8.6,8.77,8.92,9.07,9.22,9.36,9.5,9.65,9.8,9.98,10.18,10.39,10.62,10.94,11.39,12.5,0.1,67.8,28.6,0,0,99.1,96.6
240,14.73,2.87,-2.24,9.9,7.94,12.64,13.6,13.99,14.27,14.51,14.71,14.9,15.08,15.22,15.38,15.53,15.69,15.84,16,16.19,16.46,16.92,18.19,19.98,1.1,3.9,30.6,48.2,0.8,91.9,84.6
241,14.62,2.26,-1.22,7.83,11.14,12.02,12.6,13.04,13.4,13.72,14.01,14.27,14.52,14.75,15.03,15.29,15.53,15.78,16.07,16.41,16.79,17.21,17.88,19.02,0.2,1.6,46.3,40.2,0.1,95.7,88.4
242,13.38,3.51,-0.57,3.52,7.01,8.84,10.02,10.79,11.39,11.92,12.39,12.82,13.27,13.65,14.04,14.45,14.87,15.3,15.74,16.24,16.92,17.75,18.72,20.1,1.3,8.6,35.6,22.2,0.8,79.7,68.5
243,12.34,4.38,-1.34,3.4,2.34,4.13,5.78,7.93,12.39,13.01,13.44,13.74,13.98,14.18,14.37,14.54,14.71,14.88,15.06,15.23,15.44,15.71,16.2,17.64,6.9,7.9,41.3,21.5,0,89.2,77.6
244,13.3,3.89,-0.89,4.06,3.95,8.54,10.24,10.83,11.52,12.12,12.61,13.02,13.36,13.72,14.12,14.51,14.94,15.36,15.8,16.25,16.9,17.64,18.84,20.48,4.2,5.8,39.5,25.1,1.4,84.1,76
245,16.14,4.83,-1.86,5.63,2.7,8.52,13.3,14.51,15.68,16.21,16.63,17.03,17.41,17.72,18.02,18.29,18.57,18.83,19.09,19.36,19.64,19.97,20.43,21.16,4.1,3.6,9.8,62.3,8.8,93.2,88.7
246,13.06,3.31,-0.4,3.53,7.5,9.16,10.07,10.69,11.09,11.51,11.92,12.31,12.64,12.96,13.32,13.72,14.15,14.66,15.34,16.04,16.8,17.6,18.41,19.35,1.3,11.2,51.9,24.5,0.2,94.9,89.2
248,14.27,3.4,-1.14,5.46,7.9,10.42,11.49,12.16,12.78,13.31,13.7,14.08,14.41,14.75,15.1,15.4,15.67,15.99,16.31,16.67,17.13,17.8,19.03,21.15,1.7,4.1,34,32.9,2,85.2,74.7
250,13.62,3.23,-1.01,4.78,7.27,9.8,10.89,11.6,12.15,12.57,12.95,13.3,13.62,13.95,14.29,14.61,14.98,15.36,15.75,16.15,16.64,17.27,18.04,19.57,1.5,6.4,42.5,26.8,0.3,86.5,77.5
251,13.53,4.15,-1.36,4.11,3.65,5.83,9.68,11.45,12.43,13.21,13.66,14.08,14.42,14.71,15.03,15.36,15.66,15.95,16.25,16.56,16.92,17.34,17.9,19.24,4.8,5.4,27.9,32.5,0.2,81.8,70.8
252,14.71,5.27,-0.98,3.05,2.75,6.52,8.74,10.15,11.57,12.91,14.25,14.97,15.65,16.38,16.97,17.5,17.97,18.39,18.72,19.05,19.46,19.98,20.65,21.76,3.8,8.6,15.7,37.7,7.4,82.4,73.2
254,12.59,4.15,-1.69,4.88,1.8,2.96,9.72,11.39,12.1,12.59,12.97,13.32,13.63,13.91,14.15,14.4,14.65,14.89,15.14,15.4,15.67,16.01,16.47,17.37,2.2,3.2,35.7,17.4,0,71.5,58.5
255,14.06,5.09,-1.37,3.58,2.56,3.78,6.07,12.02,13.41,14.19,14.78,15.25,15.59,15.93,16.25,16.55,16.8,17.03,17.26,17.53,17.88,18.39,19,20.1,5.6,2.1,10.3,32.8,0.7,60.6,51.5
256,17.72,5.47,-1.49,4.74,3.5,9.09,12.77,15.75,16.84,17.52,17.96,18.37,18.72,19.04,19.39,19.8,20.21,20.56,21.01,21.49,21.99,22.81,24.07,25.46,3.2,3,5.3,30.8,25.1,79.7,68.7
259,13.82,6.2,-0.43,1.73,3.51,4.74,5.7,6.64,7.67,9.14,10.69,12.72,14.94,16.17,16.9,17.64,18.2,18.71,19.21,19.66,20.07,20.73,21.43,22.32,6.6,15,8.4,26.9,10.9,74.8,67.7
260,14.27,5.96,-1.05,2.9,1.66,2.51,5.06,10.12,12.18,13.71,14.58,15.11,15.55,16.23,16.75,17.23,17.67,18.07,18.5,18.89,19.38,19.93,20.81,22.02,3.6,2.3,9.3,24.9,4.6,49.4,44.7
261,12.03,4.67,-0.52,2.93,2.3,3.68,7.68,9.01,9.74,10.34,11,11.54,12.11,12.52,13,13.45,13.99,14.51,15.15,15.74,16.54,17.74,19.16,20.96,7.3,12.9,39,19.6,2.4,89.5,81.2
262,13.09,5.36,-0.56,2.09,3.17,4.82,6.21,7.46,8.64,9.97,11.27,12.54,13.78,14.85,15.6,16.19,16.66,17.06,17.45,17.87,18.39,18.97,19.71,20.82,5.9,13.8,14.5,32.1,2.6,76.9,68.9
263,11.4,5.14,-0.42,1.96,2.41,3.38,4.34,5.48,7.03,8.46,10.05,11.01,11.91,12.68,13.31,13.9,14.49,15.01,15.5,16.08,16.7,17.41,18.36,19.41,13,14.7,30.6,26.1,0.3,90.9,84.7
264,14.21,5.35,-1,2.92,2.76,4.51,6.91,9.65,11.66,13.33,14.33,15.05,15.62,16.1,16.52,16.86,17.22,17.57,17.94,18.32,18.76,19.25,20.17,21.99,6.5,6.8,14,40.3,4.1,82.5,71.8
266,15.13,4.69,-1.52,4.39,3.46,6.17,10.66,13.05,14.31,15.13,15.64,16.06,16.48,16.79,17.06,17.3,17.54,17.79,18.05,18.32,18.6,18.97,19.61,20.99,6.7,5.2,14.3,63.1,2.9,95.9,92.2
267,16.74,5.21,-0.19,2.4,8.04,9.78,11.11,12.38,13.36,14.08,14.65,15.17,15.65,16.28,17.09,17.92,18.93,20.25,21.5,22.25,22.91,23.63,24.73,25.84,0.9,8.2,24,26.5,23.5,93.3,86.6
268,16.65,4.58,-1.94,6.22,4.11,10.02,12.85,15.17,16.17,16.78,17.22,17.59,17.87,18.17,18.46,18.72,18.96,19.21,19.44,19.68,19.97,20.24,20.6,21.18,2.2,4.3,8.9,60.8,13.5,93.9,89.7
269,17.52,4.29,-2.16,7.42,6.21,11.54,15.77,16.72,17.2,17.58,17.89,18.16,18.39,18.61,18.83,19.09,19.37,19.66,19.93,20.24,20.58,20.97,21.43,22.19,2.7,3,4.3,50.4,19.3,89.5,79.7
270,14.76,5.36,-1.18,3.24,2.64,4.65,7.83,11.01,12.49,13.8,14.82,15.68,16.41,16.91,17.29,17.68,18,18.29,18.66,18.97,19.31,19.66,20.11,20.55,7.6,7.2,16.3,53.4,5.7,93.8,90.2
272,17.07,6.09,-0.51,2.44,6.06,8.51,10.33,11.58,12.76,13.73,14.6,15.56,16.63,17.74,18.9,20.09,21.05,21.82,22.35,22.92,23.44,24.07,24.97,26.65,1.8,7.9,18,17.4,27.6,82.7,76.5
273,14.28,4.2,-0.93,3.96,5.57,8.94,10.48,11.4,12.1,12.75,13.4,13.88,14.41,14.91,15.38,15.81,16.23,16.7,17.19,17.7,18.35,19.05,19.95,21.46,2,6.2,27.2,32.1,3.5,80.8,71
274,15.35,5.42,-0.15,2.48,6.99,8.96,10,10.71,11.42,12.15,12.97,13.66,14.24,14.97,15.69,16.41,17.43,18.61,19.97,21.23,22.08,22.93,23.78,24.78,1.3,10.4,30.9,21.9,21.5,92.1,86.4
275,14.86,6.55,-0.99,2.61,1.94,2.49,3.59,7.83,12.85,14.2,15.38,16.11,16.59,17.17,17.68,18.21,18.61,19.11,19.62,20.09,20.48,21.01,21.9,23.02,9,2.7,8.3,33.2,15.2,77.9,68.5
276,18.31,5.15,-1.38,4.9,7.35,11.33,13.11,14.87,16.72,17.86,18.5,18.95,19.3,19.57,19.87,20.18,20.55,21.09,21.61,22.06,22.57,23.18,24.28,26.67,2.5,3.1,11.1,32.7,35.8,93.4,87.7
277,16.08,5.47,-1.07,3.42,2.8,8.08,10.05,11.54,13.25,14.49,15.42,16.32,17.06,17.72,18.32,18.86,19.34,19.73,20.17,20.6,21.02,21.52,22.14,23.52,3.2,7.4,15.8,35.7,23.9,92.5,86
279,15.18,6.12,-0.82,2.48,2.91,4.5,6.49,9.17,11.62,13.25,14.52,15.4,16.34,17.14,17.79,18.25,18.83,19.5,20.08,20.61,21.08,21.6,22.2,22.91,8.1,9.3,14,33.1,23.2,92.4,87.7
288,15.34,10.92,-0.02,1.23,1.83,2.12,2.39,2.71,3.23,4.28,6.08,8.79,11.2,14.03,21.39,24.32,25.43,26.14,26.63,27.11,27.55,28.01,28.62,29.69,22.3,9.1,8.4,2.6,7.6,87.4,84.3
3,2.39,1.82,2.64,9.57,1.33,1.37,1.4,1.44,1.48,1.52,1.55,1.61,1.67,1.73,1.8,1.89,1.96,2.08,2.17,2.28,2.55,5.13,6.91,9.45,1.8,0.8,0.1,0,0,2.7,2.6
31,10.26,7.79,-0.01,1.31,1.34,1.41,1.47,1.55,1.66,1.78,1.96,2.47,9.86,12.72,14.01,14.86,15.72,16.49,17.26,18.4,19.22,19.88,21.14,22.46,1.1,0.5,2.7,5.3,1.6,11.8,11.2
348,2.73,1.2,2.91,15.41,1.47,1.63,1.76,1.88,2,2.11,2.21,2.31,2.42,2.53,2.63,2.75,2.86,2.98,3.11,3.27,3.46,3.7,4.35,8.51,51.9,2.7,0.1,0,0,55.2,54.7
349,4.33,1.6,-0.01,2.17,1.67,2.06,2.44,2.78,3.09,3.37,3.66,3.92,4.14,4.38,4.62,4.83,5.07,5.29,5.54,5.81,6.11,6.47,6.89,7.58,36.5,24.6,0,0,0,61.7,61.1
35,7.96,6.62,0.56,1.65,1.46,1.64,1.81,2.03,2.23,2.47,2.72,3.06,3.46,4.01,5.09,8.37,11.56,13.3,14.76,16.11,17.1,17.96,18.93,20.54,19.1,4.1,7.3,12.1,0.9,46.1,43.5
350,2.21,2.05,3.87,17.53,1.32,1.35,1.37,1.4,1.43,1.45,1.48,1.51,1.55,1.6,1.65,1.7,1.76,1.86,1.96,2.1,2.26,2.85,6.45,12.2,1.7,0.2,0.3,0,0,2.3,2.3
351,6.25,0.5,0.06,3.93,5.47,5.64,5.76,5.85,5.93,6,6.06,6.12,6.18,6.23,6.29,6.35,6.41,6.49,6.57,6.67,6.78,6.91,7.09,7.42,0.4,87.2,0,0,0,97,87.6
352,5.23,1.55,-0.16,2.64,2.54,3.14,3.55,3.89,4.17,4.4,4.65,4.88,5.08,5.29,5.5,5.7,5.9,6.14,6.35,6.58,6.86,7.21,7.66,8.5,24,33.8,0,0,0,63,57.8
353,6.39,2.31,0.03,2.64,2.42,3.22,3.8,4.38,4.82,5.17,5.5,5.81,6.13,6.45,6.73,7.03,7.35,7.68,8,8.35,8.72,9.27,10.2,11.73,23.2,63.1,5.7,0,0,93.4,92
354,5.4,1.72,-0.42,2.4,2.19,2.82,3.39,3.81,4.23,4.56,4.86,5.15,5.42,5.66,5.88,6.1,6.29,6.51,6.71,6.95,7.21,7.48,7.87,8.42,30,56.4,0,0,0,88.9,86.4
355,5.74,3.84,0.65,2.01,1.58,1.83,2.09,2.32,2.53,2.73,2.96,3.18,3.44,3.81,4.86,5.93,7.35,8.26,9.04,9.97,10.85,11.69,12.74,14,24.7,14.5,11.5,0.1,0,53.7,50.8
356,6.29,3.2,0.57,3.06,1.7,2.22,2.72,3.27,3.73,4.26,4.74,5.17,5.65,6.1,6.52,6.95,7.36,7.81,8.3,8.84,9.63,10.63,11.95,15.23,25.3,41.3,9.9,1,0,80.4,77.4
357,8.48,1.16,-0.98,7.36,6.69,7.19,7.47,7.68,7.85,7.99,8.13,8.26,8.39,8.52,8.65,8.77,8.91,9.04,9.19,9.35,9.56,9.87,10.26,10.87,0.7,88.7,8.1,0,0,99.4,97.4
358,8.95,1.18,-0.13,3.75,7.02,7.47,7.77,7.99,8.19,8.35,8.5,8.66,8.8,8.95,9.11,9.26,9.41,9.55,9.71,9.9,10.13,10.43,10.9,11.73,0.3,78.2,17.2,0,0,99,95.7
359,9.14,4.28,0.19,2.17,2.44,3.48,4.45,5.15,5.76,6.38,7.01,7.56,8.14,8.76,9.46,10.26,11.04,11.76,12.39,13.2,14.01,15.16,16.45,18.22,13.1,32.5,25.6,8.7,0,84.7,79.9
360,9.45,4.93,0.46,2.49,2.28,3.28,4.2,5.03,5.6,6.26,6.81,7.42,8.07,8.68,9.31,10.2,11.27,12.15,13.01,14,15.08,16.39,18.66,21.44,13.3,32.2,20.8,10.5,2.1,85.5,78.9
361,10.05,4.8,-0.14,1.83,2.32,3.06,4,5.04,5.89,6.7,7.61,8.63,9.66,10.68,11.5,12.13,12.73,13.5,14.07,14.74,15.43,16.17,17.19,18.43,9.2,15.1,20,10.3,0,60.9,54.6
362,9.94,3.95,-0.34,2.3,2.54,3.79,5.28,6.46,7.31,8.05,8.63,9.16,9.68,10.3,10.86,11.39,11.93,12.45,13.07,13.65,14.26,14.9,15.69,16.81,7.5,23.2,29.7,6.4,0,73.6,66.9
363,8.91,5.28,0.36,2,1.78,2.3,2.84,3.54,4.25,5.09,5.96,6.62,7.26,7.98,8.77,9.74,11.36,12.59,13.46,14.3,15.23,16.36,17.95,20.31,19.1,27,19.6,12.8,1.2,83.7,79.6
364,10.32,7.15,0.65,2.08,1.89,2.47,3.11,3.79,4.4,5.02,5.67,6.44,7.22,8.11,9.12,9.96,11.17,13.83,16.5,18.82,19.82,21.97,23.46,25.22,12.7,16.2,6.4,7,6.9,52.5,50.1
365,9.29,7.54,0.49,1.51,1.53,1.8,2.07,2.38,2.71,3.09,3.44,3.9,4.41,5.08,5.96,9.13,14.26,16.33,17.71,18.56,19.58,20.47,21.23,22.36,25.6,7.8,4.4,14.6,9.1,63.7,61.5
366,12.23,6.38,-0.7,1.87,1.43,1.64,2.11,3.25,5.07,9.6,11.96,13.11,14.33,14.91,15.64,16.17,16.76,17.23,17.55,17.9,18.19,18.5,18.81,19.16,2.2,1.2,4.2,10.3,0,18.5,18
367,10.98,11.42,0.57,1.41,1.36,1.43,1.51,1.58,1.67,1.75,1.85,1.99,2.2,2.62,4.55,6.46,20.65,24.86,25.81,26.4,26.75,27.13,27.6,28.17,7,3.5,0.2,0.2,2.6,27.5,26.9
368,11.17,1.74,-1.57,9.53,8.91,9.51,9.86,10.13,10.37,10.56,10.73,10.91,11.07,11.23,11.41,11.57,11.75,11.92,12.13,12.37,12.69,13.15,13.79,14.59,1.7,14.7,78.3,0.1,0,98.3,94.8
369,11.78,2.63,-2.75,10.35,3.69,10.51,11.07,11.37,11.6,11.8,11.96,12.11,12.24,12.37,12.49,12.64,12.78,12.93,13.09,13.25,13.44,13.65,13.99,14.55,3.2,1.7,81.4,0.2,0,95.3,86.5
37,11.99,10.31,0.1,1.13,1.35,1.42,1.49,1.59,1.69,1.82,1.99,2.3,2.59,8.19,18.41,19.92,21.03,21.89,22.56,23.09,23.71,24.52,25.34,26.71,2.3,0.3,0.1,1.5,5.5,11.5,11
370,11.58,1.77,-1.16,6.33,8.47,9.5,10.02,10.41,10.71,10.95,11.16,11.36,11.57,11.77,11.95,12.13,12.33,12.52,12.74,12.97,13.23,13.55,13.99,14.73,0.5,13.4,81,0.7,0,98.7,95.6
371,11.84,8.6,-0.01,1.25,1.52,1.72,1.92,2.12,2.34,2.59,3.1,6.62,9.4,11.65,15.06,18.6,19.27,19.9,20.46,21.19,21.72,22.27,22.9,23.61,12.8,5.1,5.2,9.8,17.8,54.7,50.7
372,10.8,7.44,-0.14,1.32,1.42,1.57,1.71,1.88,2.06,2.36,3.28,7.01,11.58,13.61,14.66,15.4,15.98,16.66,17.47,18.32,19.15,19.82,20.44,21.38,8.4,2.5,8.6,19.3,4.9,47.7,43.7
373,11.98,6.92,-0.15,1.68,1.52,1.91,2.45,3.62,5.32,6.95,8.56,10.36,11.81,13.05,13.98,14.99,15.93,17.31,18.28,18.92,19.61,20.65,21.94,23.32,6.8,7.6,10.8,13.5,7,50.4,45.6
374,6.29,7.53,2.54,8.12,1.49,1.78,2.04,2.37,2.62,2.87,3.14,3.43,3.62,3.82,4.07,4.41,4.75,5.18,5.71,6.47,7.31,18.27,30.01,31.74,8.7,3.5,0,0.2,0.2,13.9,13.8
375,14.51,10.79,-0.03,1.12,1.61,2.23,2.73,3.09,3.41,3.78,4.2,4.82,5.88,17.01,22.6,23.45,23.82,24.52,25.39,26.03,26.58,26.98,27.29,27.62,4.4,0.8,0.1,0.4,2.8,12.2,12
377,13.5,2.04,-0.92,7.4,10.42,11.23,11.7,12.05,12.39,12.68,12.9,13.12,13.34,13.57,13.81,14.04,14.27,14.51,14.78,15.06,15.37,15.82,16.54,17.88,0.4,2.7,69.1,19.2,0.1,96.8,91.6
378,14.44,9.13,0.2,1.56,2.14,2.94,3.74,4.78,6.08,7.56,9,10.42,11.56,12.55,13.73,15.44,18.76,23.36,24.92,25.79,26.49,27.13,27.66,28.33,14.6,15.3,17.5,6.2,8.1,87.1,83
379,12.19,8.84,0.2,1.43,1.54,1.79,2.11,2.55,3.06,3.85,5.63,7.02,8.7,10.85,12.46,14.62,17.43,20.94,22.14,22.82,23.39,24.03,24.76,25.82,16.9,12.3,10.9,5.8,24.2,77,73.3
380,13.49,7.74,-0.11,1.51,2.19,2.89,3.61,4.34,5.51,7.21,8.86,10.7,12.2,14.18,15.7,17.72,19.1,20.14,20.97,21.62,22.47,23.24,23.96,24.8,16.7,12.3,12.2,13.7,25.3,84.2,80.7
381,13.66,11.15,0.34,1.49,1.4,1.5,1.61,1.75,1.98,2.37,4.65,8.72,10.27,11.34,12.34,13.65,15.79,27.23,27.96,28.4,28.72,29,29.33,29.71,5.8,5,11.2,2.6,0.2,46.5,43.3
382,16.24,3.54,-2.4,9.41,7.35,13.7,14.54,15.08,15.49,15.86,16.21,16.5,16.75,17,17.24,17.48,17.72,17.99,18.26,18.54,18.86,19.22,19.75,20.42,2.4,2.6,11.5,69.8,2.8,95.7,89.1
383,15.12,3.46,-1.7,7.21,6.36,12.17,13.09,13.6,13.96,14.34,14.73,15.06,15.35,15.64,15.9,16.16,16.45,16.71,17,17.31,17.76,18.33,19.81,21.21,3.8,1.2,31.1,53.2,4,97.6,93.4
384,16.56,5.92,-1.08,3.16,3.2,6.43,9.59,12.02,14.02,15.02,15.88,16.63,17.67,18.77,19.44,19.94,20.36,20.73,21.08,21.41,21.75,22.18,22.8,23.56,5.4,6.7,12.9,27.6,35.4,93.5,87.9
385,17.17,4.52,-1.28,4.12,7.19,10.24,12.1,14.39,15.53,16.22,16.82,17.42,17.94,18.46,18.93,19.35,19.73,20.07,20.39,20.77,21.17,21.61,22.16,22.81,2.1,6.3,11.2,42.2,27.8,94.8,89.7
386,16.2,4.82,-1.87,5.85,2.43,9.47,13.31,15.13,15.83,16.29,16.6,16.91,17.19,17.5,17.79,18.09,18.41,18.71,19.05,19.41,19.8,20.21,20.75,21.76,4.4,2.9,7.5,61.8,11.3,93.7,88
387,17.01,4.56,-1.98,6.11,5.7,8.74,14.83,16.57,17.05,17.44,17.74,18.01,18.26,18.48,18.68,18.88,19.08,19.28,19.52,19.75,19.98,20.31,20.86,22.17,1.8,6.2,2.8,56.9,12,90,79.8
388,15.19,5.73,-1.12,2.98,2.98,4.45,6.35,9.64,14.28,15.18,15.8,16.3,16.76,17.14,17.5,17.89,18.28,18.64,19.06,19.51,20.05,20.62,21.32,22.4,10.1,8.2,8.1,53.4,15,97.3,94.8
389,15.9,11.12,-0.17,1.19,1.64,2.11,2.46,2.86,3.28,3.82,5.12,8.29,12.62,22.18,23.69,24.7,25.46,26.02,26.59,27.11,27.58,28.04,28.45,28.98,21.3,6.4,3,1.3,11.6,80.4,74.9
390,18.37,10.43,-0.22,1.43,2.62,3.45,4.43,6.32,9.19,10.8,12.1,13.36,14.77,17.58,25.93,26.85,27.33,27.84,28.36,28.86,29.52,30.12,30.59,31.27,13.2,9.5,16.8,5,1.7,92.1,89.1
391,15.19,8.97,-0.16,1.52,1.73,2.24,2.88,4.55,7.58,8.84,9.97,11.2,12.74,15.58,18.64,20.6,21.87,23.19,24.2,25.05,25.62,26.12,26.61,27.15,11.5,13,12.8,7.5,19.3,88.1,82.2
392,15.14,11.41,0.13,1.4,1.57,1.88,2.22,2.6,3.11,3.75,4.74,7.22,11.15,14.39,18.5,21.81,23.88,25.03,26.14,27.06,28.05,29.71,32.26,34.86,20.6,6.8,5.6,6.1,10.6,79.3,75.5
393,18.3,5.35,-2.28,6.94,2.38,8.76,16.95,18.11,18.69,19.05,19.36,19.6,19.81,20.05,20.26,20.48,20.69,20.91,21.13,21.33,21.53,21.75,22.05,22.56,4.4,2.5,1.2,36,49.1,97,93.1
394,19.56,3.68,-1.68,6.97,10.69,16.36,17.45,18,18.33,18.62,18.9,19.19,19.5,19.87,20.35,20.74,21.14,21.57,21.99,22.46,22.9,23.38,23.99,25.02,0.5,3.3,3.2,38.3,42.3,93.9,88.5
395,17.99,3.85,-2.12,7.63,7.61,14.09,15.36,16.42,17.14,17.63,18.07,18.49,18.81,19.12,19.4,19.67,19.95,20.18,20.41,20.64,20.89,21.16,21.48,22.1,1.6,3.9,6.6,48.4,31.3,96.4,91.8
396,18.03,6.29,-1.25,3.74,1.99,8.63,11.38,13.11,15.12,16.68,17.85,18.85,19.57,20.14,20.7,21.23,21.85,22.36,22.76,23.09,23.45,23.89,24.43,25.13,1.7,3.9,10.1,19.3,40,87.3,76.3
397,18.15,4.56,-1.48,6.39,9.84,13.93,14.93,15.7,16.27,16.72,17.25,17.68,18.13,18.5,18.88,19.5,20.04,20.66,21.28,21.83,22.42,23.07,23.83,25.79,2.3,1.4,9.9,47,32.1,97.3,94.4
398,18.62,5.27,-0.87,3.15,8.7,10.75,12.38,13.62,15.01,16.35,17.63,18.9,19.72,20.3,20.81,21.2,21.64,22.02,22.45,22.91,23.51,24.21,25.18,26.39,1,6.6,16,21.8,45.4,98.3,96.6
399,20.74,6.7,-1.84,5.33,2.34,9.63,15.08,19.34,20.54,21.3,21.9,22.32,22.72,23.07,23.41,23.76,24.08,24.39,24.73,25.08,25.45,25.84,26.42,27.12,4,1.6,3.9,6.4,47.8,90.5,81.8
400,19.39,7.27,-1.14,3.08,3.38,5.88,9.21,13.14,16.48,18.71,20.02,20.78,21.34,21.91,22.53,23.1,23.65,24.21,24.71,25.21,25.68,26.21,26.76,27.4,5.6,5.9,5.5,9.9,34.5,85.4,79.2
402,18.28,7.47,-1.06,2.88,2.27,3.66,7.92,12.13,14.51,16.91,18.56,19.48,20.41,21.25,21.79,22.32,22.8,23.28,23.76,24.25,24.8,25.35,25.79,27.02,7.1,4.6,7.6,14.5,38.2,91.4,83.4
403,18.21,8.31,-0.95,2.37,1.85,2.6,5.57,8.55,11.94,16.29,18.82,20.83,21.81,22.36,22.83,23.23,23.61,23.99,24.38,24.73,25.12,25.55,26.14,26.96,6.8,7.3,5.5,8,40.5,90.2,82.8
404,22.46,4.17,-2.22,7.64,11.33,18.34,20.67,21.49,22.04,22.44,22.78,23.08,23.35,23.63,23.89,24.13,24.35,24.59,24.84,25.1,25.39,25.72,26.16,26.66,0.1,2.3,5.1,2.7,55.9,93.5,84.8
405,23.06,4.62,-2.86,11.88,12.01,19.96,21.36,22.03,22.49,22.91,23.29,23.63,23.97,24.26,24.54,24.82,25.07,25.31,25.55,25.79,26.08,26.37,26.83,27.46,0.6,1.5,2,2.7,40.8,87.2,75.6
406,20.76,4.32,-2.19,8.2,9.87,16.76,18.22,18.94,19.55,20.22,20.76,21.15,21.54,21.96,22.36,22.65,22.9,23.21,23.48,23.8,24.12,24.4,24.71,25.09,0.8,2.9,2.2,16.4,56.4,88.9,79.9
407,20.71,5.5,-2.48,8.59,3.11,17.77,19.18,19.77,20.23,20.66,21.02,21.38,21.78,22.11,22.41,22.78,23.1,23.4,23.71,24.06,24.38,24.75,25.2,25.95,2.4,1.3,0.6,11.5,58.8,89.3,80.4
408,22.01,6.86,-1.97,5.67,2.28,10.38,14.48,21.65,22.95,23.42,23.74,24.04,24.34,24.61,24.84,25.05,25.25,25.5,25.72,25.95,26.25,26.6,27.09,27.97,2.1,2,4.5,1.1,30.7,80.6,70.9
409,20.79,6.66,-0.42,2.34,8.94,11.06,12.93,14.28,15.43,16.51,17.49,19.8,21.85,23.03,23.67,24.24,24.82,25.38,25.85,26.23,26.68,27.51,30.87,33.18,0.3,5.9,14.3,16,23.6,96.5,90.8
41,11.56,1.33,-2.17,15.85,9.55,10.08,10.41,10.68,10.91,11.1,11.26,11.41,11.55,11.69,11.83,11.96,12.1,12.24,12.39,12.55,12.73,12.96,13.29,13.97,0.3,7.7,82.8,0,0,97.3,90.8
410,21.46,6.4,-1.71,4.97,5.88,10.81,14.08,17.98,21.06,22.16,22.83,23.27,23.66,23.98,24.27,24.57,24.86,25.15,25.46,25.74,26.03,26.33,26.77,27.42,2.4,3.7,6.8,4.8,39,91.3,84.4
411,21,5.15,-1.2,4.7,10.91,13.66,16.18,18.1,18.89,19.56,20.32,20.93,21.54,22.01,22.47,22.86,23.23,23.72,24.47,25.26,25.96,26.59,27.62,28.63,0.8,2.5,8.1,18.1,41.1,95.2,90.4
412,22.01,7.5,-1.14,2.8,7.66,9.84,11.2,12.67,14.74,23.27,24.44,25.05,25.54,25.86,26.17,26.44,26.69,26.94,27.18,27.4,27.62,27.9,28.31,28.99,1.9,6.4,12.7,1.9,10.2,91.6,84.7
413,20.06,9.91,-0.65,1.56,4.39,5.3,5.95,6.67,7.6,9.7,15.09,25.14,25.97,26.38,26.75,27.05,27.32,27.57,27.81,28.05,28.28,28.52,28.96,29.71,7.8,22,4.7,1.1,3.3,99.5,99.3
415,24.42,6.96,-2.1,6.02,6.4,10.13,20.3,24.39,25.45,25.98,26.38,26.68,26.94,27.17,27.36,27.55,27.73,27.9,28.07,28.24,28.43,28.65,28.9,29.29,2.1,6,2.5,2.1,6.9,95.3,91.6
416,24.04,7.29,-2.18,6.63,2.52,12.56,21.13,23.14,24.14,24.9,25.43,25.93,26.34,26.69,27.02,27.32,27.57,27.81,28.04,28.27,28.57,28.86,29.22,30.03,3.8,0.9,2.2,1.6,14.7,89.7,81.5
417,24.95,8.33,-1.53,3.82,6.19,10.45,12.67,15.45,26.66,27.65,28.18,28.52,28.78,29.01,29.19,29.39,29.56,29.72,29.87,30.03,30.22,30.42,30.65,31.05,2.9,3.9,9.8,2.6,0.3,95,90.4
418,23.66,8.68,-1.05,2.85,5.7,10.46,12.73,14.26,16.05,20.17,24.65,26.26,27.17,27.9,28.41,28.9,29.33,29.74,30.14,30.54,30.93,31.36,31.8,32.56,1.7,4.2,12.2,7.1,5.6,95.1,90.6
419,24.78,7.83,-1.19,2.91,9.11,10.86,12.34,14.64,22.84,24.81,26.52,27.51,28.02,28.55,28.96,29.31,29.6,29.87,30.15,30.46,30.75,31.14,31.59,32.25,0.7,5.8,11.7,2.3,6.7,93.7,88.8
420,24.48,10.24,-1.46,3.4,1.73,2.31,9.14,14.59,27.08,28.36,28.82,29.11,29.36,29.61,29.82,30.02,30.19,30.36,30.52,30.67,30.83,31.03,31.25,31.58,5.2,2.1,4.4,2.5,0.6,90.5,85.5
421,23.71,9.62,-1.17,2.72,3.15,6.8,9.27,11.79,15.34,25.92,26.94,27.53,28.06,28.48,28.96,29.39,29.7,29.96,30.26,30.51,30.77,31.12,31.49,32.05,4.6,7.9,7.1,1.3,1.2,90.3,84.5
422,4.79,2.46,0.46,2.47,1.45,1.6,1.85,2.25,2.67,3.15,3.61,3.94,4.23,4.57,4.92,5.29,5.7,6.12,6.51,6.9,7.42,8.29,9.32,10.89,8.4,8.8,0.6,0,0,18.2,17.8
423,6.99,3.36,0.02,1.95,1.8,2.3,2.83,3.39,3.97,4.58,5.25,5.88,6.54,7.23,7.81,8.31,8.82,9.27,9.73,10.24,10.68,11.29,12.09,13.76,17.1,29.4,14.6,0.2,0,68.6,61.4
424,6.17,1.84,-0.31,3.05,2.73,3.58,4.12,4.62,5,5.35,5.66,5.93,6.18,6.39,6.62,6.83,7.02,7.22,7.43,7.67,7.93,8.25,8.83,10.14,18.6,60.8,0.9,0,0,83.7,80.3
426,9.62,2.73,-1.07,4.25,2.94,6.38,7.23,7.74,8.23,8.67,9.05,9.4,9.71,10.03,10.37,10.7,10.99,11.31,11.59,11.88,12.2,12.61,13.04,14.03,2.2,34.7,40.7,0.1,0,87.7,77.7
427,8.73,1.68,-0.62,4.59,6.06,6.74,7.16,7.49,7.77,8.01,8.21,8.39,8.59,8.78,8.99,9.18,9.4,9.62,9.86,10.1,10.39,10.73,11.27,12.26,1.3,45.6,13.5,0,0,73.5,60.4
428,12.58,3.83,-0.78,3.69,3.89,7.42,9.09,10.2,10.87,11.43,11.92,12.33,12.77,13.11,13.44,13.77,14.15,14.6,15.06,15.59,16.19,16.88,17.78,20.12,5,10.7,48,21.1,1,92.4,85.8
429,12.27,3.38,-0.61,3.76,5.49,8.26,9.43,10.06,10.59,11.06,11.39,11.69,12,12.32,12.63,13.03,13.51,14.02,14.54,15.07,15.7,16.55,17.52,18.65,2.9,11.8,47.2,16.1,0.1,89.1,78
430,11.03,4.03,-0.28,2.69,3.5,5.04,6.53,7.7,8.55,9.24,9.83,10.42,10.91,11.37,11.8,12.32,12.86,13.4,13.98,14.48,15.05,15.8,17.05,19.69,7,21.1,38.5,11.6,0.6,85.9,78.9
431,11.59,3.99,-0.83,3.2,2.53,5.57,7.22,8.61,9.56,10.44,11.05,11.58,12.07,12.45,12.79,13.15,13.54,13.9,14.35,14.76,15.28,15.99,16.92,18.35,3.5,11.3,33.7,10.9,0,67.4,59.3
432,11.12,5.4,-0.19,2.08,2.33,3.1,3.64,4.81,6.48,7.96,9.13,10.25,11.12,12.26,13.01,13.68,14.28,14.89,15.35,15.81,16.41,17.23,18.91,21.48,15.6,16.5,29.5,24.1,1.8,91.2,87.8
433,14.2,5.38,-1.14,2.95,2.68,4.16,5.85,9.56,12.16,13.82,14.84,15.47,15.99,16.38,16.75,17.1,17.42,17.73,18.02,18.32,18.65,19.01,19.47,20.25,6.9,5.7,10.6,42.6,1.2,76.3,67.1
434,15.12,4.45,-1.49,4.7,3.96,8.08,11.47,13.02,13.92,14.59,15.18,15.65,16.05,16.4,16.71,16.99,17.29,17.61,17.95,18.33,18.71,19.19,19.93,21.01,3,3.2,11.7,35.3,2.6,65.7,55.9
435,12.73,2.94,-1.54,5.89,6.35,8.91,10.32,11.14,11.76,12.22,12.56,12.88,13.15,13.4,13.63,13.85,14.07,14.31,14.57,14.84,15.13,15.52,16.18,17.32,1.8,6.3,45.9,11.3,0,77.9,65.2
436,14.38,6.11,-0.82,2.72,1.81,2.52,6.18,9.4,11.8,13.08,13.74,14.43,15.3,16.01,16.57,17.16,17.78,18.28,18.82,19.29,19.88,20.81,22.04,23.95,5.9,6.6,19.2,37,12.1,87.3,81.2
437,12.51,6.11,-0.82,2.01,1.68,2.14,2.73,3.78,6.17,10.83,13.4,14.41,14.95,15.4,15.77,16.13,16.45,16.79,17.16,17.49,17.85,18.24,18.66,19.33,10.9,3.6,11.9,39.4,0,75,65.8
438,15.49,5.59,-0.65,2.9,3.65,7.2,9.45,11.08,12.35,13.63,14.46,15.11,15.64,16.22,16.8,17.34,17.91,18.77,19.75,20.59,21.41,22.18,23.04,24.9,5.3,7.8,19.9,32.4,19.9,90.8,86.2
439,12.25,7.52,0,1.59,1.73,2.22,2.7,3.32,4.1,6.28,7.99,9.8,11.2,12.3,13.66,15.46,17,18.09,19.14,20.22,21.29,22.26,23.33,24.42,17.1,11.8,15.7,17.9,18.1,83.4,80.7
440,11.2,7.9,0.3,1.47,1.77,2.18,2.63,3.14,3.71,4.39,5.05,6.19,7.54,8.62,10.21,13.32,16.62,18.36,19.8,20.71,21.56,22.19,23.07,24.2,18.5,13.6,5.4,9.4,16.3,67.2,63.4
441,14.11,7.66,-0.35,1.89,1.58,1.9,2.42,5.18,8,10.17,11.68,12.91,14.66,15.85,16.84,17.57,18.23,18.89,20.04,21.82,22.81,23.75,24.68,25.74,7.4,8.1,14.3,24.2,18.7,80.2,75.2
442,12.75,7.41,-0.27,1.56,1.81,2.21,2.67,3.27,4.09,6.15,9.74,11.37,12.94,14.53,16.09,17.16,17.87,18.63,19.28,19.95,20.67,21.42,22.35,23.92,17.6,7,13.7,25.1,17.2,86,80.6
443,14.53,8.01,-0.4,1.71,1.79,2.32,2.83,3.71,6.38,9.16,12.15,14,16.01,16.86,17.7,18.62,19.53,20.66,21.51,22.24,23.01,23.79,24.62,26.08,11.9,6,9,18.5,22.3,77.9,70.4
444,16.24,8.69,-0.34,1.51,1.94,3.35,5.25,6.84,8.02,9.54,10.99,12.38,14.51,19.72,22.57,23.17,23.63,24.02,24.33,24.65,24.94,25.36,25.88,26.63,7.3,14.2,11.6,3.8,29,81.9,77.8
445,1.8,0.53,2.11,8.11,1.33,1.36,1.38,1.42,1.45,1.48,1.52,1.55,1.59,1.63,1.68,1.73,1.78,1.85,1.93,2.03,2.21,2.51,2.98,3.84,6.2,0,0,0,0,6.2,6.2
446,2,0.74,2.38,9,1.35,1.42,1.45,1.52,1.56,1.63,1.68,1.75,1.79,1.83,1.85,1.9,1.94,1.98,2.08,2.18,2.35,2.81,3.8,4.9,0.5,0,0,0,0,0.5,0.5
447,2.88,1.11,2.06,11.33,1.51,1.69,1.84,1.97,2.1,2.23,2.35,2.48,2.62,2.76,2.89,3.01,3.14,3.26,3.4,3.56,3.75,4,4.54,7.49,68.4,3,0.1,0,0,71.5,71.4
448,4.37,2.06,0.73,3.15,1.6,1.88,2.21,2.48,2.74,3.01,3.26,3.52,3.81,4.07,4.34,4.59,4.95,5.28,5.66,6.11,6.58,7.2,8.29,10.26,36,22,0.9,0,0,59.8,58.8
449,25,6.33,-1.61,4.7,11.7,14.37,16.59,19.06,24.37,25.71,26.56,27.04,27.43,27.77,28.06,28.31,28.54,28.79,29.04,29.29,29.54,29.84,30.17,30.65,0.8,1.7,7,7.9,5.6,94,86.9
453,18.4,8.07,-0.94,2.45,2.21,3.52,5.42,10.41,13.52,15.64,17.72,19.96,21.21,22.15,22.87,23.39,23.89,24.29,24.68,25.06,25.45,25.81,26.25,26.86,10.1,4.8,8.7,10.9,37.2,95.2,91.5
454,14.87,5.92,-0.69,2.7,2.18,5.26,8.66,10.16,11.36,12.64,13.51,14.14,14.88,15.62,16.45,17.49,18.4,19.08,19.72,20.38,20.89,21.46,22.31,24.15,5.1,8.7,23.9,28.1,20.7,90.8,86.8
455,12.39,7.87,-0.34,1.42,1.42,1.53,1.73,2.07,2.63,3.61,6.69,12.83,14.43,15.12,16.47,17.26,18.09,18.86,19.59,20.06,20.62,21.16,21.69,22.31,3.5,1.1,2.9,7.5,5.1,20.7,20.1
456,14.09,8.93,-0.56,1.44,1.43,1.58,1.74,1.92,2.16,2.6,14.09,17.33,18.33,19.03,19.64,20.12,20.59,20.99,21.37,21.73,22.13,22.55,23.05,23.77,8.8,0.4,0.9,16.6,29.9,68.2,56.5
457,7.09,2.97,-0.21,2.19,1.78,2.55,3.47,4.24,4.89,5.45,6.03,6.51,6.99,7.45,7.85,8.27,8.59,8.93,9.31,9.69,10.21,10.84,11.59,12.78,8.3,25.1,7.3,0,0,43.7,40.7
46,10.68,7.89,0.47,1.68,1.94,2.44,2.89,3.32,3.75,4.05,4.34,4.67,5.28,7.87,9.87,12.42,14.84,16.45,18.52,20.08,21.06,22.15,23.99,26.01,35,10.9,9.5,12.9,16.3,88,87.2
49,11.84,7.9,0.24,1.44,1.89,2.5,3.2,3.86,4.52,5.4,6.2,6.89,7.82,8.91,11.31,14.73,17.5,19.22,20.63,21.43,21.96,22.46,23.26,24.56,14.1,16.9,4.6,7.7,17.6,65.6,61.1
51,9.76,7.56,0.6,2.07,1.58,1.85,2.14,2.38,2.67,2.96,3.62,4.81,6.67,7.92,9.15,10.48,12.85,14.47,15.77,17.21,18.95,21.7,24.32,25.63,24.8,16,11.8,13.6,8.2,78.9,77.3
52,11.69,7.89,0.49,1.69,2.31,3.1,3.74,4.41,5.06,5.71,6.33,6.99,7.65,8.43,9.37,11.26,15.33,17.8,19.83,21.5,22.74,23.61,24.52,26.32,19,29.2,6.3,10,18.6,89,86.2
54,11,7.15,-0.02,1.6,1.46,1.67,1.91,2.17,2.58,3.51,7.3,9.11,11.01,12.27,13.01,13.77,14.39,15.14,17.17,19.1,20.03,20.7,21.34,22.74,7.2,5.2,12.7,7.5,7.2,41.7,39.9
58,13.23,2.2,-2.05,9.62,9.46,11.48,11.95,12.3,12.57,12.79,13,13.19,13.36,13.52,13.68,13.85,14.02,14.2,14.4,14.64,14.91,15.27,15.93,17,1.4,3.8,77.5,13,0,98.7,95.7
60,14.72,3.05,-2.57,11.11,8.6,12.67,13.4,13.82,14.13,14.38,14.58,14.77,14.97,15.16,15.37,15.59,15.79,16.01,16.31,16.6,16.92,17.38,17.98,18.89,1.3,1.4,27.3,37.2,0,82.7,67.2
64,13.55,8.29,-0.23,1.35,1.9,2.72,3.24,3.58,3.96,4.67,6.97,9.87,14.45,16.96,18.24,19.2,20.05,20.67,21.18,21.66,22.16,22.84,23.68,24.99,23.8,7.6,5.1,17.2,31.2,90.7,85.8
65,13.87,8.55,0.28,1.9,1.97,2.59,3.26,5.1,6.73,8.35,9.5,10.59,11.69,12.82,13.87,15.1,16.41,18.3,21.73,23.86,25.21,26.33,28.26,29.92,13.6,16.4,21.3,12.5,10.6,93.1,89.5
67,12.67,8.04,0.08,1.47,2.06,2.72,3.37,4.02,4.56,5.08,6.03,8.11,10.6,12.85,14.64,16.28,17.58,19.17,20.56,21.67,22.71,23.52,24.28,25.43,21.5,12.7,11,14.7,22.2,86.6,83.6
72,13.01,8.11,-0.32,1.36,1.72,2.07,2.35,2.67,3.15,4.06,6.65,11.56,14.6,16.69,17.91,18.76,19.38,19.86,20.35,20.84,21.3,21.76,22.28,23.11,20.7,5.7,6.5,22.8,25.5,86.5,81.1
73,14.97,8.21,-0.06,1.78,2.46,3.08,3.67,5.55,8.45,10.19,11.44,12.44,13.56,14.93,16.24,17.86,19.49,20.63,22.2,23.78,24.96,26,27.23,28.65,17.1,10,20.5,16.2,18.1,97.5,96.3
74,9.96,11.45,1.1,2.32,1.52,1.73,1.93,2.12,2.36,2.63,2.85,3.08,3.36,3.66,3.95,4.3,4.79,6.72,17.46,28.57,29.49,30.16,30.83,31.42,43.9,5.5,1.6,0.7,0.2,74.5,73.4
77,13.59,12.85,0.55,1.42,1.67,1.99,2.29,2.56,2.81,3.06,3.32,3.74,4.42,5.63,7.87,9.82,16.07,29.51,30.35,30.88,31.28,31.65,32.05,32.59,32,11,3.7,0.6,0.2,79.6,77
8,5.2,5.79,1.1,2.45,1.31,1.35,1.37,1.39,1.41,1.45,1.47,1.52,1.57,1.62,1.7,1.81,1.99,5.17,10.5,12.9,14.2,15.28,16.62,18.15,0.2,0.2,0.7,0.6,0,1.7,1.7
80,16.45,3.35,-1.71,6.51,8.26,13.1,14.26,14.87,15.32,15.69,16.02,16.37,16.73,17.08,17.38,17.71,18.01,18.32,18.61,18.97,19.36,19.76,20.36,20.96,1.2,4.6,13.1,62.9,7.1,95.4,88.8
81,17.77,2.74,-1.58,9.81,13.33,15.16,15.83,16.31,16.83,17.23,17.5,17.73,17.99,18.23,18.44,18.65,18.84,19.01,19.18,19.36,19.6,19.88,20.74,24.46,0.1,2.3,5.9,74.9,7,95.2,90.7
84,16.44,4.18,-2.17,7.69,4.53,12.37,14.8,15.52,15.95,16.3,16.61,16.88,17.16,17.4,17.64,17.9,18.16,18.44,18.7,18.96,19.28,19.74,20.62,22.01,2.8,2.8,6.9,68.5,7.6,94.2,88.6
88,16.75,3.15,-1.24,5.29,11.24,12.57,13.36,13.93,14.67,15.29,16.06,16.84,17.38,17.77,18.06,18.31,18.56,18.79,19.06,19.34,19.6,19.88,20.39,21.33,0.3,2,21.3,54.7,7.4,93.6,85.7
91,17.17,4.95,-1.66,5.63,2.98,11.06,13.89,15.17,15.85,16.45,16.93,17.39,17.82,18.26,18.65,19.07,19.48,19.89,20.38,20.87,21.39,21.92,22.56,23.48,3.3,2.6,8.9,46.8,25.7,94,87.4
92,15.33,8.79,-0.51,1.57,1.73,2.09,2.45,2.96,4.93,9.37,11.43,13.69,18.12,20.41,21.2,21.74,22.14,22.55,22.9,23.26,23.62,23.99,24.52,25.51,15.1,5.5,10.1,6,45.5,90.7,84.3
94,15.58,7.89,-0.97,2.13,1.68,1.98,2.37,2.96,8.28,17.38,18.39,18.94,19.31,19.66,19.93,20.21,20.47,20.75,21.02,21.3,21.63,22.07,22.6,23.33,11.5,3.4,1.2,24.7,39,88.2,79.7
95,17.85,8.98,-0.51,1.68,2.36,3.59,5.76,7.84,9.58,11.14,12.64,15.11,21.04,22.44,23.51,24.23,24.69,25.17,25.64,26.09,26.5,27.01,27.55,28.38,6.8,9,9,2.3,16.9,72.5,65.5
96,16.09,9.02,-0.38,1.47,2.05,2.84,3.63,4.82,6.77,8.68,11.12,13.46,15.51,20.38,22.76,23.35,23.74,24.07,24.41,24.74,25.07,25.37,25.69,26.26,13.2,10.3,8.9,5,28.5,85.1,79.3
97,17.33,8.53,-0.65,2,1.92,2.51,3.78,8.53,11.17,12.96,14.81,16.56,18.81,20.14,21.74,22.68,23.72,24.5,24.94,25.31,25.65,26.05,26.54,27.07,9.2,5.8,11.7,12.4,23.9,89.9,85
99,15.65,9.59,-0.39,1.45,1.75,2.08,2.37,2.67,3.34,7.35,11.07,13.55,16.66,20.18,22.06,22.73,23.35,23.89,24.35,24.75,25.15,25.63,26.23,26.86,16.6,3.9,8,6.2,28,82.7,77.2
