"plotID","top_height","ba_ha","lor","qmdbh","dens","AGB_ha","V_ha","Vmerch_ha"
1,4.5,0.212298331321362,4.40136048125868,7.3501700660597,50.0336197537521,0.708281191527535,0.467686568408214,0
3,13.5,4.31102167270258,9.51126196954574,12.9914468904619,325.218528399389,17.3273579972615,19.2496609610959,11.1060781090085
8,17,5.43458185579196,14.823641063649,23.5199914965971,125.08404938438,25.1609636250503,37.0459516401623,33.6174137478145
10,13.9,2.59239742090438,10.2840201302097,8.56157436197079,450.302577783769,7.65526541620401,12.3940692879538,1.58348166915782
13,19.9,11.2439522974196,10.1958440582597,10.5928666341747,1275.85730372068,36.4385605504558,52.4645717075558,23.0981305221775
17,15.7,13.9133508437704,10.6556470962048,12.0214519140763,1225.82368396693,55.3719661002965,68.5743168236945,36.5838881470063
20,22.7,10.1696303945979,14.3384561436048,19.2277143727485,350.235338276265,42.9164034504274,65.2612194357448,56.1859173909795
21,28.5,18.933887096977,22.0228962472773,19.2518430686119,650.437056798778,82.3297745969859,181.061225281123,155.682860446531
24,14.6,28.8928499572456,12.3295254986018,13.0009371899141,2176.46245928822,114.42411260433,165.205659672056,99.7200752994517
31,22,13.0929813641165,18.6596909834147,23.5650164438729,300.201718522513,59.3455615703532,105.26351349423,94.6173042663995
35,23.1,19.2502420652885,19.317137468002,18.3805369326098,725.487486429406,82.2489284198568,158.019233374726,134.146311784425
37,28,27.5030965494693,20.9227189986998,24.1503968221366,600.403437045025,128.386901551742,249.079622941507,224.938404381724
41,15.2,31.3297518673608,12.5403264517205,12.2074705180311,2676.79865682574,100.906628545236,179.117137891883,84.5195387394236
46,26.8,34.6820024458025,21.8201913375215,40.0585140195508,275.184908645637,218.201567284653,318.041718714773,297.15058162605
49,29.6,38.721054335798,19.837279687343,21.9240484956366,1025.68920495192,181.212524047829,335.99399304776,302.174967712428
51,26.7,23.1879291157387,17.0933383496108,22.175042277299,600.403437045025,126.423130716418,175.147843979495,153.067123058718
52,30.4,36.7341148584075,20.7590652205075,19.9445827978106,1175.79006421317,166.983598725815,329.418034644042,290.596416547446
54,22.9,17.1443330001006,18.6803513082663,22.0172533356103,450.302577783769,80.9494730528364,141.978724346137,125.720584975034
58,18.2,39.4059301280117,13.6663118730302,11.7204276653002,3652.45424202391,128.834503203902,243.727685126714,117.989078332001
60,21.2,28.6722011593984,16.5744977324465,12.9511992965281,2176.46245928822,114.199192858988,206.362842015242,122.288111908608
64,27,34.4741249497007,22.8336363320306,26.4920591876132,625.420246921902,186.640629199816,343.522854291132,313.674190123537
65,33.5,67.1430362217695,20.3786185986529,29.2287059241425,1000.67239507504,398.987896736725,599.710415369931,546.827569777805
67,27.4,40.4549452052211,19.8382997024239,28.1409160093653,650.437056798778,200.566685802612,336.165701062281,307.921570723486
72,25.7,29.9313139743977,21.446791281144,20.2908913128593,925.621965444414,144.678059671074,278.887130887221,241.601762201278
73,31.5,61.9936129737564,20.3860881632302,23.7366024241646,1400.94135310506,297.80685663913,547.241134974517,489.989507743872
74,36,37.6238423306172,26.8228292753746,35.7293436827491,375.252148153141,233.338667390122,451.279819090113,420.353042714799
77,37,39.3837866556008,22.4025508218705,27.7658617176395,650.437056798778,219.93083055127,393.159834751786,362.105369092457
80,22.7,39.2571346385997,18.5159265787991,14.2785910812414,2451.64736793385,163.019600396385,318.228794512313,229.552989606583
81,26.2,50.8948752892209,18.2984152494312,20.4399711192271,1551.04221236632,194.918412323781,381.947083336901,317.877034752893
84,24.7,36.0006688232483,18.1205886478335,20.4064773584717,1100.73963458255,158.060233999639,275.187609377189,225.732039361313
88,23.9,38.8485905198431,18.5714885042734,19.4995710011982,1300.87411359756,154.396022300727,296.566973317356,241.149126197926
91,25.8,34.4916707534832,20.8627608509649,17.3973144974774,1450.97497285881,156.11145559522,314.056313224533,254.78536089703
92,27.4,34.1344083232735,23.7080642589607,19.4337391510565,1150.7732543363,164.880533005182,357.030234139935,310.975820974595
94,26.4,33.7897796577134,20.4992017993386,18.7341388695524,1225.82368396693,159.615630140784,302.486767458162,258.762862087349
95,30.9,41.3651853528495,23.7151895980423,27.4206387338338,700.47067655253,222.511966472607,435.526831756999,400.731262884658
96,29.7,38.5272449197727,23.9556133080519,20.8745352576344,1125.75644445942,187.695418390963,407.984152315003,362.99970728323
97,28.7,35.2160589884815,21.1598474949424,22.6295255931588,875.588345690662,160.71573416782,322.473709263711,285.648703181154
99,29.5,26.2156117964388,24.8858828123302,28.0152584475381,425.285767906893,145.903355400099,286.880158705102,262.534860309373
100,32.5,42.3839815653136,24.4014814004417,31.3132850110272,550.369817291273,245.383653837967,447.052757463536,412.126961936649
105,31.1,55.5314079711785,21.9582481067944,25.3444049769641,1100.73963458255,291.006274438177,537.905830441864,490.815094671569
108,32.5,39.6400182649263,27.8096692280965,28.4076961403068,625.420246921902,224.346505379969,492.049220017878,453.744280401142
109,35.7,42.9680819626779,22.6877503799941,27.9468628446404,700.47067655253,238.890347378797,430.706530355346,396.677301232485
112,24.5,48.045283499321,20.4628482113719,17.5934467086074,1976.32798027321,217.699971192006,431.256823059919,358.235828530356
114,27.3,44.1560291547206,20.3768080176671,17.5457796510056,1826.22712101195,191.423906893416,393.95720087419,322.563515534193
115,25.4,35.1331634160757,21.0959401380784,18.7246037157993,1275.85730372068,151.350784072004,301.792347650262,238.886222888083
118,27.6,42.1814483677883,18.9337284101284,19.0754078970982,1475.99178273569,178.260511502639,343.735489251188,288.519166040005
119,28.9,56.7185692369599,23.2100687910675,25.3276835805321,1125.75644445942,306.951550447426,578.800936129181,525.012731087755
120,28.2,53.2667810975303,20.7293948208653,22.2016870775828,1375.92454322818,283.79705974966,481.689669871644,419.957721778074
122,25.9,45.805550839998,19.9805551003951,22.5122671873146,1150.7732543363,211.549837348616,392.629311922984,344.43386058245
128,29.3,50.1490116191339,22.352969966525,21.1608377110071,1425.95816298194,249.735683991829,480.477794912502,416.09789496236
131,31,37.662254476636,21.4447513973563,27.6899548573124,625.420246921902,203.16770968327,352.780771326732,322.763084475772
132,33.4,51.3868847769227,27.7886471965172,34.4789395534038,550.369817291273,310.695386749281,638.3294395362,595.36509957863
133,33.6,74.074650419999,24.837306368924,26.9260240145249,1300.87411359756,436.012210321696,820.402694208164,751.774020614057
135,32.3,41.9376736897037,25.1085298062764,24.0181969303231,925.621965444414,224.207650498578,469.788402357783,427.736136648767
136,38.6,56.4183061088477,31.1790705676266,33.2324563318175,650.437056798778,359.127515262946,792.012253924701,735.671547044261
137,37,47.4534417282833,30.3851917885357,32.4047768888692,575.38662716815,292.84887941548,647.805470828657,599.520996404461
138,35.6,50.4042411724762,23.1283411724441,30.8241247510236,675.453866675654,289.457946053476,517.220470150103,479.551816189538
146,29,53.9295330654897,24.3687164611298,22.9747478432635,1300.87411359756,285.637757959925,581.580708152029,520.514613293897
147,27.6,56.249705277652,21.6344026876723,22.6102418322822,1400.94135310506,277.42724324699,530.873672016994,474.527394590172
149,30.6,47.7660242505407,24.6905175459849,23.7774027959517,1075.72282470567,253.749870086206,519.89098713511,468.819197752007
152,33,50.7293592186007,26.7601052562678,28.4049346505145,800.537916060034,284.778672252387,598.42120074616,549.825547138763
153,33.2,66.7146278167597,24.8490655624487,25.3111393181916,1325.89092347443,342.401278918779,726.505880083923,659.231907937043
154,35.4,54.4917257683215,25.860378758596,24.2915623211024,1175.79006421317,281.44733225422,623.747331767638,568.415608637542
155,32.8,43.9765235966501,25.1506471938847,25.2880604238443,875.588345690662,234.679110769642,488.611299283675,445.86798259937
156,34.6,45.5508124905689,25.8338158799996,23.2195036302934,1075.72282470567,242.123500580371,522.51455636574,475.564825978485
157,33.9,65.2802337973442,26.3369629018971,27.7968586145487,1075.72282470567,393.986545164308,763.634204615859,699.277008579874
158,34.8,73.8410141906846,27.7634966532869,25.238405628012,1475.99178273569,406.269151388998,913.917149911249,834.156737864465
159,35.8,54.2929453686937,27.6916560843555,24.7801847361063,1125.75644445942,296.678473039301,670.754538319137,612.081532197565
161,36.8,67.1162754325738,26.1235622632583,26.9590193331333,1175.79006421317,376.884296779032,770.000242590096,702.404415810702
164,29.7,94.5645929216337,23.8481173405052,24.8402563057094,1951.31117039633,508.491696351739,999.250484934577,905.259670486206
166,34.1,65.1925244265882,26.2788268343823,23.7143916827178,1475.99178273569,345.917284274423,760.519688309742,690.647903754754
168,32.8,84.9248929568432,26.1872770709368,26.6189966679166,1526.02540248944,455.434791318627,985.729291781333,904.80668895675
173,35.6,70.4561673205573,27.6688981151691,23.4877775089022,1626.09264199694,395.543029300207,867.157428156391,775.010622898203
176,38.9,71.369708358483,32.226882267776,37.3774253136425,650.437056798778,452.153124463577,1029.77425101949,960.7978666546
177,9.1,9.55193164956491,7.71045872767403,8.45532376671645,1701.14307162757,36.3848158785954,36.0194156750469,1.18589256208839
178,12.7,6.9186660630753,8.2508945610687,10.0303539319408,875.588345690662,27.1196370149717,27.5777208342535,7.91998923869225
180,12,3.03892142623611,8.56312917429057,10.1543750833487,375.252148153141,11.7225157972251,13.0128602174455,3.4441945773335
185,15,17.1905651124189,9.10983404196955,16.2827292775896,825.55472593691,72.3440679232147,74.3835580131285,58.6079302078456
186,12.9,7.25036624163775,9.45069266415544,10.5745549372639,825.55472593691,23.5780331853971,32.8142959167727,10.9052217405365
187,11.6,9.66467277174187,9.36185424701202,10.6954348009511,1075.72282470567,36.0923354908859,43.4499535290005,15.476461228276
188,16.4,20.0642455422262,11.0005307600935,10.5355351074352,2301.5465086726,80.0757190571126,103.061354509985,41.0061366534177
191,18.6,33.5183010789196,13.2686275749252,13.1937137164884,2451.64736793385,139.980059880906,203.460806527193,134.96455413885
192,17.1,16.508341821337,11.3779629325469,12.7112760359273,1300.87411359756,68.2592473338724,87.1075941807796,53.4303490737828
193,20,26.6918045181329,11.0623862246952,19.988886618201,850.571535813786,115.806309050634,133.181427721401,107.171948948471
195,18,11.6935217670137,11.8011570270152,17.2503043451413,500.336197537521,50.3469438569721,64.4839023045963,52.6976782002778
196,13.9,23.8761647427192,11.2189193835347,10.9688397538005,2526.69779756448,74.0484386408637,121.130891486619,49.3772928088954
197,16.58,37.632487519491,12.6146307220886,11.7809690553901,3452.3197630089,150.418801430252,214.379213752129,106.857945751015
198,21.6,32.7649514611941,14.816971858689,13.6882792477376,2226.49607904197,134.751067112121,212.478113303886,141.427930626497
199,16.8,39.2317099240481,12.2990492369455,13.5345700765101,2726.83227657949,142.275458955839,225.17137396597,145.9631394835
200,16,30.0924092097983,13.2972688049602,14.103347672961,1926.29436051946,123.742657374871,180.000574247549,121.379170525875
201,16.3,37.2123509883809,12.7184155114006,12.4088088302369,3077.06761485576,149.276518435317,213.266404638985,114.565864673309
202,18.9,26.1169191061818,14.3314234556849,15.2708298927738,1425.95816298194,105.15383205617,164.561637809492,124.235402376399
205,15.5,27.5293128882476,13.3617048577814,11.2860102057209,2751.84908645637,104.267485842934,171.492757227602,70.4103773674014
206,15.3,27.3209188421106,12.0220471942628,15.4836287291025,1450.97497285881,90.7318050522051,148.907578866056,109.251127744882
208,22.9,30.9886598699764,16.3676696177162,17.9408267732043,1225.82368396693,125.861766681135,222.884295017877,186.609031545969
209,15.5,12.5105314119008,10.5597847118393,12.6167349183535,1000.67239507504,48.1221679150772,61.4242374045377,36.3789584689092
210,18.7,28.817577869574,12.3794439963428,12.4911926418986,2351.58012842635,100.228409225375,162.917924506974,93.5601466605249
211,19.7,28.885246120668,14.1271496641442,14.1910882705087,1826.22712101195,115.481069294595,180.34639346936,123.508609051774
212,21.5,32.1113015017479,17.2907033292975,19.0573185125528,1125.75644445942,134.788752191824,239.31474880565,203.232239279204
213,18.3,19.3838495297017,12.4702736207463,15.7046808308861,1000.67239507504,78.7936934075685,108.299803382522,84.1050154275837
214,20,11.3578133645189,13.1623680932775,16.5911623060793,525.353007414397,47.9956586058115,68.0635735586846,53.1681846956067
215,19.9,40.2441204856396,15.075394326541,12.6498486898065,3202.15166424014,130.957352179522,264.577053560167,154.1555010983
216,19.7,38.5424722410845,15.5861236094144,12.7855158936457,3002.01718522513,154.550007416613,272.142515065677,161.631618856991
218,20.4,37.6345702240833,16.0952341125338,16.4249252361794,1776.1935012582,147.132820127869,260.914274717084,205.284468865292
219,18.8,34.0881762109552,15.5889090049743,16.2132101022031,1651.10945187382,133.851760641694,231.730582968891,176.65681626164
220,20.3,28.804452901011,17.8061473534,19.1442746010393,1000.67239507504,127.404482397221,230.871674433803,199.759813785207
221,23.6,56.6016430574418,15.3838059804336,20.1430133275906,1776.1935012582,154.47766470555,356.711518887254,305.459135189037
224,21.6,31.3644308636387,18.9517248594253,17.8678706062026,1250.8404938438,133.661187104926,265.413377227576,219.554073283758
226,16.8,32.3099198040843,13.891073597154,12.5144678177662,2626.76503707199,127.969316317495,207.359038358101,115.276353368382
227,19.9,37.2060832264474,16.201647640468,14.2693633769274,2326.56331854947,150.589231731769,274.245222012331,184.381885896178
228,31,28.1900353981188,25.7347392074673,26.7837824065235,500.336197537521,143.803625498133,302.180431987622,278.889320770696
229,22.2,29.2995667974448,16.6921640249676,16.7738115739083,1325.89092347443,120.700257077556,209.190938752408,169.097244629199
230,26.2,30.7191854031487,16.6517355692232,22.8288122044636,750.504296306282,143.563678711039,220.507767433937,192.616615872332
231,21.3,31.5506946016297,16.6970847062142,15.7176234257551,1626.09264199694,132.031065074795,238.428495202953,180.966010189395
232,22.1,28.9021435352849,14.9597860617205,15.5288467687466,1526.02540248944,107.791144840257,189.762378636391,144.519684722839
233,25.7,43.5336345002767,18.634553812408,19.0584089267618,1526.02540248944,186.887002210531,354.755543395443,305.949416051852
236,26.5,35.4134836653086,18.8655438747169,21.2272348646733,1000.67239507504,163.081446221237,292.870401368949,259.882100934778
237,26.6,33.7643352950053,20.3177636448703,21.8482646145333,900.605155567538,151.488380218254,292.915696338029,261.788521458932
238,21.9,27.495983916805,17.3026964066491,16.7297220538776,1250.8404938438,118.060852223152,213.525223354892,173.295142606149
239,28.7,51.4046270622705,20.3964613568162,22.2178620984652,1325.89092347443,232.014974868497,454.653011243227,409.406687798143
240,22.1,39.4239278393944,15.5099226262712,15.1865601501921,2176.46245928822,145.022900635209,263.339819941873,186.452871561341
241,21.4,38.3447528419094,16.9865192639772,14.9772624602962,2176.46245928822,138.527731286625,280.382478258565,196.883624355156
242,21.9,47.6531848875811,17.6734567286061,16.5078326659148,2226.49607904197,203.387396022357,369.761171837974,290.645569182414
243,18.1,34.044832377647,15.2651502091461,12.3285576339381,2851.91632596387,124.986448245298,226.994480751297,114.663359517825
244,23.4,38.5079504300589,17.8669940343165,19.4138927258093,1300.87411359756,158.145696417369,289.921494561046,248.076960251636
246,20.4,37.8347456428248,16.7565576260651,16.1312731355269,1851.24393088883,154.117997872678,282.888432926469,215.861729635047
248,22.3,44.9542551619637,16.3317394555769,15.2022160798146,2476.66417781073,170.207952846927,318.918661064617,238.476802798501
250,21.5,47.9353127672149,16.5971865630194,18.2812314863505,1826.22712101195,200.427445862605,346.665737461254,288.808257216907
251,21.2,33.1516075335748,17.4988891476907,15.0999507785129,1851.24393088883,138.739886346596,260.513086206964,192.781533319626
252,23.3,34.175767692772,17.3310455746504,21.3947115944695,950.63877532129,147.278110614132,246.813600812645,206.014676461757
254,19.7,34.5595354861426,16.6862794783162,13.1317606304296,2551.71460744136,136.797104574097,262.226871725456,153.971148438276
255,21,30.9389893302651,17.0577402230717,15.6856373396174,1601.07583212007,129.866284611518,238.397646093491,181.717584414633
256,28,50.9347610469795,21.6529719639724,18.3485128028928,1926.29436051946,231.591612662238,483.250403061355,407.680350408743
259,24.4,47.2590232194055,19.0329726662135,17.4488946369285,1976.32798027321,203.209056422194,398.571916910263,327.151868660294
260,23.3,25.6513167408581,17.6221692596051,18.2962305211224,975.655585198166,109.303178763152,191.734548906644,161.247644893459
261,23.3,25.6757197512701,18.9805887011919,22.8628519655794,625.420246921902,105.836609255032,202.615117854078,178.943835589784
262,23.2,45.0617109300337,18.051184687403,17.6046369812968,1851.24393088883,194.798739291147,361.632842111167,299.151280613228
263,20.9,29.2379108822494,16.0667781978584,17.6072546601299,1200.80687409005,122.860918378034,201.146247381478,162.836239325263
264,25.2,44.9517401979277,18.7879745474919,13.9836137314878,2926.9667555945,185.59429512849,377.194243132808,256.955369213668
266,24.1,32.2552782807706,19.0894527376216,17.276594782327,1375.92454322818,126.103768435403,254.674899935238,198.401791393026
267,26,51.7245972913838,19.2680610223882,18.7351434475426,1876.2607407657,251.096266396403,439.282896373422,369.122344355301
268,26.7,40.0508808661536,19.2879198137366,21.7726305682264,1075.72282470567,174.534743287143,311.424826429817,260.327939861803
269,24.8,40.1386295332227,20.7801950151131,18.4520549894404,1501.00859261256,176.616732667235,356.995879590246,295.712159070362
270,23.2,41.0136601843469,17.4795977301961,19.1366507913159,1425.95816298194,163.113941273606,299.618421332121,240.625049231366
272,27.9,48.9232613739249,20.3081474573759,21.086416582381,1400.94135310506,222.155072082862,430.956716523954,380.518131697777
274,26.8,43.1648778984961,20.5729615292877,21.8537231928865,1150.7732543363,193.255178959855,377.451583582618,333.662508334222
275,25.4,31.5557842600976,20.5643653376653,19.7918620871824,1025.68920495192,135.99768350373,273.028912829994,230.22110398725
276,29.8,48.4074972649766,21.1880695307131,24.5133960390203,1025.68920495192,243.221105340563,428.067503717874,373.369469081242
277,26.4,44.367995235715,19.2601327812181,21.6896917240272,1200.80687409005,200.447505855713,366.514691426686,323.001029224967
279,27.4,41.2375705761783,20.8263061624232,19.3593877190665,1400.94135310506,183.137859475517,366.903930830698,315.905839951995
288,32.3,47.7409335546502,25.1811910237584,36.7407735961621,450.302577783769,321.742133336264,533.615857451644,494.439858913143
349,9.5,12.9766249811378,8.09639775910364,11.2698542752165,1300.87411359756,49.8254538328918,50.773165866513,20.3377712841234
350,5.4,0.337182014234696,5.4,13.1,25.0168098768761,1.35226037343599,0.910275649697278,0.529460502768743
351,10.6,8.64226129847593,8.23261263473313,8.35569381006862,1576.05902224319,28.0909159702752,30.1262230207312,0.676220861403909
352,11.3,12.4265355427292,9.39718951447776,9.78908637826902,1651.10945187382,45.2645359128238,56.1063776252034,9.46360442022126
353,13.7,24.9129390184095,10.8836651673997,12.286040278067,2101.41202965759,92.3273292742988,126.288814444093,69.8192419644074
354,10.4,18.3118854056637,9.38202105172802,11.3773044063854,1801.21031113508,66.2360209989134,82.7657709579798,33.0353795386954
355,15.3,24.5058488632363,11.0990658529193,19.7423561157224,800.537916060034,64.7652588482661,121.269636151529,103.203989492716
356,17.1,17.0497860708717,12.0832357059308,12.7955991845074,1325.89092347443,63.3913940868545,95.082314659709,59.0587995474131
357,12.2,15.1012587395,9.64822361641668,11.2248553241982,1526.02540248944,58.1639342057847,70.0512160579325,27.1993100651292
358,14.2,30.0947669885821,10.6791968186649,11.2048145389586,3052.05080497888,105.225979487638,150.183136738453,64.8512272131863
359,20.2,30.8535002011971,13.6654154620136,15.0857452631591,1726.15988150445,108.483785565303,187.43280426697,141.94748629813
360,23.8,34.97521188572,15.6930606895436,17.0826150721989,1526.02540248944,137.103758800862,237.543749117659,193.486268591412
361,20.1,28.501497975454,15.4792193404909,16.7021071908722,1300.87411359756,125.420972175172,200.834077197658,162.370957781526
362,19.5,33.3710774420301,15.614303301926,16.5511572541503,1551.04221236632,139.092052753407,230.064933145045,182.979902277236
363,22.4,27.825228075801,17.6334645082705,19.8338585364635,900.605155567538,102.92974544604,201.591910552865,174.296550472207
364,28.3,18.5631460313868,17.5264421906522,18.0495295573425,725.487486429406,81.3455708082997,143.220083259872,122.358338816465
365,25,38.6807756149087,17.5709154191252,16.891263499475,1726.15988150445,168.525654950192,301.237236954272,249.317965999405
366,22.4,5.64558340878226,18.828951672966,16.9509291780716,250.168098768761,22.4379151107853,43.2314663587754,32.3933410281114
367,30.8,24.4671419948695,17.8341509912757,29.8240554873794,350.235338276265,168.702732010982,194.793262795323,177.837831653742
368,18,39.6240639618228,13.5826588339951,13.0730703926631,2951.98356547138,154.44204690724,244.664741505526,145.828127798234
369,17.4,24.3282491763493,15.1432636216428,11.7293317039899,2251.51288891885,81.1270035538293,161.235716674722,67.6429828723699
370,16,31.9715589004577,13.4636279163522,13.3721212368729,2276.52969879572,114.405104708915,193.415567951919,116.135566215262
371,25.3,22.8030806737589,19.5837056069814,20.0049218081882,725.487486429406,107.996096754519,194.778495151781,170.438506186363
372,23.6,13.0663974083296,18.6243272748598,22.6175391438387,325.218528399389,67.5790669420521,106.638313182058,95.9675939064667
373,24.6,30.4812462275539,18.3291333248246,20.4764465878449,925.621965444414,132.309798178488,235.042100058744,206.10419605707
374,9.1,5.32472901262512,7.38678174491889,15.0278630106435,300.201718522513,26.2112687568635,17.8773335493248,11.9830205071485
375,9.6,0.492402450832453,7.57915087187263,9.13983953177881,75.0504296306282,1.07645485460343,1.88591132841735,0.342574023816076
377,20.0583026887904,35.3973525287963,15.8582289563633,14.7328049660842,2076.39521978071,128.095193171585,243.402460083419,168.272734919434
378,31.9,42.5586536768774,22.7792105678663,26.8702933863154,750.504296306282,242.369242233946,424.104625500263,386.302182950637
379,28.3,35.78308513782,17.498646546522,25.9714444327982,675.453866675654,191.417057409935,270.857253581707,245.581757029398
380,27.2,35.0980128640411,21.5091311440353,20.8731710167067,1025.68920495192,158.344650100027,323.839261890171,288.551855081097
381,33.7,42.1723709194709,21.4087314070495,29.3010443499886,625.420246921902,245.147500867665,397.130241355221,364.426392093894
382,22.8,37.6836316709421,19.0433990016278,15.2011492907292,2076.39521978071,157.59954373337,312.118475432784,232.902819543766
383,22.5,42.9191777010714,17.8605214185948,15.3258057726387,2326.56331854947,173.320303477357,333.464777972034,243.497529787938
384,26,47.0936250377245,19.4247609463599,18.9139725655124,1676.1262617507,220.779200742673,401.011834363891,341.259888829468
385,25.7,59.6380298714854,19.0589728063034,19.3578994626209,2026.36160002696,277.950653540826,497.528810620308,428.80081478338
386,24.3,32.3041432460641,20.2053585192148,15.5494041875641,1701.14307162757,134.593313527186,281.920773142254,209.161193386075
387,23.7,41.824421715457,19.7677737121178,18.8355559160505,1501.00859261256,186.090036008499,355.345144432447,301.044272693061
388,24.4,43.8495375609879,18.0318641793974,18.1162017185138,1701.14307162757,207.212982052202,349.146398199327,291.541354744891
389,32.3,58.1296408945727,22.5369923701948,28.6672916598536,900.605155567538,334.046197010354,582.080556689991,537.443117432865
390,32.4,55.5930835345305,26.0391465065402,29.2814451539372,825.55472593691,345.409506325611,641.440943435078,588.024227554511
391,28.8,36.4213162064283,19.6007303325932,23.3494930036909,850.571535813786,172.245019604595,315.665853880866,284.729630596138
392,36.9,33.1907466613852,26.5069843214908,27.1008984288745,575.38662716815,149.18192104358,367.491531058638,340.324598790879
393,27.5,36.226288604698,20.6863339389831,19.5988413773196,1200.80687409005,161.162571622242,294.456741240732,236.65209242012
394,25.9,52.5932619397918,19.6554902151973,19.8403666059583,1701.14307162757,251.457392360149,446.974564846595,374.813104426811
395,27.1,44.081130382023,19.9211271102395,15.7886210783449,2251.51288891885,189.21904045755,386.26828937876,306.77202671678
396,31.7,49.8725424085811,22.0637308871634,20.5681023269852,1501.00859261256,239.952204046588,481.075654423709,417.291496831418
397,28,48.4818262411348,21.9769829381966,23.6811202130612,1100.73963458255,222.324775016142,437.75341808762,383.951356509281
398,30.9,60.9292084779438,21.4626851733014,20.4708560140006,1851.24393088883,288.297729349985,571.068160080948,496.271382338322
399,28.9,42.2730873698506,25.3242634454781,24.4466766657556,900.605155567538,225.749993565541,473.338411471586,428.812359105688
400,30,57.5872535335245,24.567910631596,22.6759165852773,1425.95816298194,301.085856787273,613.742816341217,550.97588716342
402,30.9,48.250763920326,22.3169780595666,26.1180014549353,900.605155567538,234.380681751419,457.373287310876,415.900993542655
403,30.4,33.4415750276646,23.9606949620481,22.3739672781719,850.571535813786,167.874735603034,352.108157215288,315.361272633235
404,30.5,63.6966709735426,23.8212006977465,20.1304030014304,2001.34479015009,304.427958286266,669.712960081827,584.80275506946
405,30,55.9842783310699,25.3540930882239,24.6219932822566,1175.79006421317,299.134491500698,628.907487168069,573.810813406063
406,29.4,55.3145316193853,22.9130561267495,24.2179900418401,1200.80687409005,290.906353365217,560.31368939667,508.660102728155
407,26.5,48.2616489990443,23.0677754780169,23.1079414167887,1150.7732543363,252.498625182197,490.787011607649,446.417533462221
408,29.5,45.1901902255923,24.4622390021439,26.0088842287309,850.571535813786,249.489168447469,489.371286061571,445.900431675174
409,31.5,54.9863877571551,20.4568184546866,20.1391967659292,1726.15988150445,258.921766141941,495.568975591832,424.030414011487
410,29.1,60.2776756073638,22.8424404486002,22.0671917647206,1576.05902224319,289.04622710057,602.944345028108,537.932770217373
411,31.5,58.3203262537096,20.9059877017782,23.8917188743136,1300.87411359756,295.14285666176,510.699142888148,448.187162302326
412,32,64.8504500213772,23.6586661402957,23.0727705734592,1551.04221236632,335.677303091839,677.776176361805,611.913025420994
413,30,70.3409308825009,22.4436524082081,21.0232880866745,2026.36160002696,390.412096023049,701.086440672073,616.861253156205
415,30.5,69.0813268635884,26.5811437351088,25.756182624687,1325.89092347443,378.619763002156,817.246406484251,748.805640598678
416,33.3,51.1314783901715,28.0117095092714,29.4525324321469,750.504296306282,304.899516782427,631.745589236765,580.499737100967
417,34.2,79.9511782606509,27.2602194220701,26.7186248201643,1425.95816298194,430.869844670757,968.398713862647,890.865103160812
418,36.5,96.1530874327247,27.8247043296067,29.829046246905,1375.92454322818,583.785698552176,1192.40309566403,1095.27494500636
419,34.9,79.0773068507621,27.1958117787604,25.6862149672594,1526.02540248944,453.100224598205,960.794085181909,872.996208536707
420,35.9,74.5206242769479,27.0556610842675,33.3993395496519,850.571535813786,453.236576238567,887.983528316611,824.0508541553
422,15.1371273469688,2.74437591167446,10.8246677607948,11.2684596027222,275.184908645637,6.88310354223852,14.0907135305869,7.31438185459187
423,15.4,18.264160033449,11.2653369708927,11.9586531271454,1626.09264199694,67.6255845185296,96.2609242733219,48.1061388589878
424,13.4,20.1834705560586,9.48092655598226,10.0850099525273,2526.69779756448,74.0023810718284,91.2059963064449,27.3536491959638
426,16.6,28.0503173570243,13.9311530080252,15.5554285036512,1475.99178273569,116.478935016313,180.11630885089,133.590281033613
427,17,25.0172510814345,12.7475586328658,12.4609732227678,2051.37840990384,97.7819045774315,149.317315925893,78.1578232087883
428,22.9,46.0735123987727,17.1762185022312,18.4348755808429,1726.15988150445,189.622469845578,335.93493875025,278.240089610023
429,20.9,32.8819562333384,15.9366606335436,14.554737364406,1976.32798027321,126.066070443486,234.384436205489,172.695185997161
430,21.8,32.4981884399678,15.7811379879287,17.0345726881148,1425.95816298194,127.784964566342,219.307605092427,177.125892084711
431,21,32.9594485626981,16.6556108765335,17.4641607038789,1375.92454322818,135.022187060004,235.586544361396,192.04308620794
432,25.1,35.4712885418239,14.8561172398971,21.7964507009259,950.63877532129,127.900817998879,218.814127910606,188.02010718223
433,22.8,44.5466738028771,18.7327558564038,16.8345589487815,2001.34479015009,190.942094277069,371.949418356799,300.082581818231
434,23.6,33.4589832943514,20.5777414151213,21.1691620300056,950.63877532129,151.141680546103,303.956937721701,269.323611863429
435,18.9,40.9919489713797,15.6437564108709,12.8677645719591,3152.11804448638,164.59774025464,278.168565679046,163.56465620673
436,25.4,27.4313218336603,18.130173257877,20.8875486235221,800.537916060034,114.438889578356,209.15581086444,178.32104026393
437,20.8,38.8109643000855,18.4226041336548,15.8125811150168,1976.32798027321,160.904645154321,317.267666690854,243.209649502436
438,26.3,35.3262458503093,19.2886395111744,19.9885633967693,1125.75644445942,160.886987419511,286.488917824612,242.569448045733
439,28.4,33.0944903425381,19.7115597890232,22.5922754296886,825.55472593691,171.245070105336,285.438571471081,251.822661073805
440,26.5,30.0561387128414,19.5078324893869,21.5302324439591,825.55472593691,137.960050652402,257.897260440992,230.539949803668
441,29.2,38.8855683504351,20.2407311422645,24.8690005327918,800.537916060034,188.618376510149,338.964113738543,300.786833725185
442,27.4,24.7371076656104,23.3661316405667,29.988140513019,350.235338276265,148.032239965541,254.331400288302,233.90277472384
443,28,29.8557275162215,22.3307974634062,22.5056881698827,750.504296306282,154.899531009639,292.699819812223,258.780101452087
444,28.3,44.3247675230119,22.2028710617596,26.1460061264361,825.55472593691,233.081020204939,430.271484529152,392.125645675721
447,6.8,2.99424151828379,5.77477902528331,12.3447559716667,250.168098768761,11.4752598267264,9.03063946118116,4.14487280612147
448,12.4,11.8563853365022,9.16636837438995,10.7724274101844,1300.87411359756,34.8576493995306,53.077221500504,23.0359081920082
449,31,62.5291971606056,24.0023238414729,27.2048473792858,1075.72282470567,353.985217426746,660.733190988044,600.753269758503
453,28.3,62.7813419533726,22.0091032113315,23.8869323211308,1400.94135310506,318.322370808506,603.447083755396,545.166576297101
454,26.7,43.6809563779488,20.238284773282,21.5211039834546,1200.80687409005,198.190932328298,372.921860179883,324.644144513972
455,23.1,7.38644937377396,20.6156827225911,20.437873340117,225.151288891885,33.5925194525848,67.0574613138993,59.3581289083303
456,26.1,31.7987140674513,21.0511900900083,20.3709634982284,975.655585198166,157.578653712092,293.793644761914,258.733817697297
457,14.2,13.7849894371511,11.6791280402285,12.7734462942684,1075.72282470567,56.1849580427269,73.9154934735424,45.2669228350072
